Paradigm,Order,Class,Lemma,Stem,Subject,Mode,Negation,Form1,Form1Split,Form1Source
VAI,Cnj,oo,maajiibatoo,maajiibatoo,1Sg,Dub,Neg,maajiibatoosiiwaanen,<<maajiibatoo>>siiwaanen,JDN-PC
VAI,Cnj,oo,maajiibatoo,maajiibatoo,1Sg,Dub,Pos,maajiibatoowaanen,<<maajiibatoo>>waanen,JDN-PC
VAI,Cnj,oo,maajiibatoo,maajiibatoo,1Sg,Dub+Prt,Neg,maajiibatoosiiwaambaanen,<<maajiibatoo>>siiwaambaanen,JDN-PC
VAI,Cnj,oo,maajiibatoo,maajiibatoo,1Sg,Dub+Prt,Pos,maajiibatoowaambaanen,<<maajiibatoo>>waambaanen,JDN-PC
VAI,Cnj,oo,maajiibatoo,maajiibatoo,1Sg,Neu,Neg,maajiibatoosiwaan,<<maajiibatoo>>siwaan,JDN-PC
VAI,Cnj,oo,maajiibatoo,maajiibatoo,1Sg,Neu,Pos,maajiibatooyaan,<<maajiibatoo>>yaan,JDN-PC
VAI,Cnj,oo,maajiibatoo,maajiibatoo,1Sg,Prt,Neg,maajiibatoosiwaambaan,<<maajiibatoo>>siwaambaan,JDN-PC
VAI,Cnj,oo,maajiibatoo,maajiibatoo,1Sg,Prt,Pos,maajiibatooyaambaan,<<maajiibatoo>>yaambaan,JDN-PC
VAI,Cnj,oo,maajiibatoo,maajiibatoo,2Pl,Dub,Neg,maajiibatoosiiwegwen,<<maajiibatoo>>siiwegwen,JDN-PC
VAI,Cnj,oo,maajiibatoo,maajiibatoo,2Pl,Dub,Pos,maajiibatoowegwen,<<maajiibatoo>>wegwen,JDN-PC
VAI,Cnj,oo,maajiibatoo,maajiibatoo,2Pl,Dub+Prt,Neg,maajiibatoosiiwegibanen,<<maajiibatoo>>siiwegibanen,JDN-PC
VAI,Cnj,oo,maajiibatoo,maajiibatoo,2Pl,Dub+Prt,Pos,maajiibatoowegibanen,<<maajiibatoo>>wegibanen,JDN-PC
VAI,Cnj,oo,maajiibatoo,maajiibatoo,2Pl,Neu,Neg,maajiibatoosiweg,<<maajiibatoo>>siweg,JDN-PC
VAI,Cnj,oo,maajiibatoo,maajiibatoo,2Pl,Neu,Pos,maajiibatooyeg,<<maajiibatoo>>yeg,JDN-PC
VAI,Cnj,oo,maajiibatoo,maajiibatoo,2Pl,Prt,Neg,maajiibatoosiwegiban,<<maajiibatoo>>siwegiban,JDN-PC
VAI,Cnj,oo,maajiibatoo,maajiibatoo,2Pl,Prt,Pos,maajiibatooyegiban,<<maajiibatoo>>yegiban,JDN-PC
VAI,Cnj,oo,maajiibatoo,maajiibatoo,2Sg,Dub,Neg,maajiibatoosiiwanen,<<maajiibatoo>>siiwanen,JDN-PC
VAI,Cnj,oo,maajiibatoo,maajiibatoo,2Sg,Dub,Pos,maajiibatoowanen,<<maajiibatoo>>wanen,JDN-PC
VAI,Cnj,oo,maajiibatoo,maajiibatoo,2Sg,Dub+Prt,Neg,maajiibatoosiiwambanen,<<maajiibatoo>>siiwambanen,JDN-PC
VAI,Cnj,oo,maajiibatoo,maajiibatoo,2Sg,Dub+Prt,Pos,maajiibatoowambanen,<<maajiibatoo>>wambanen,JDN-PC
VAI,Cnj,oo,maajiibatoo,maajiibatoo,2Sg,Neu,Neg,maajiibatoosiwan ,<<maajiibatoo>>siwan ,JDN-PC
VAI,Cnj,oo,maajiibatoo,maajiibatoo,2Sg,Neu,Pos,maajiibatooyan ,<<maajiibatoo>>yan ,JDN-PC
VAI,Cnj,oo,maajiibatoo,maajiibatoo,2Sg,Prt,Neg,maajiibatoosiwamban,<<maajiibatoo>>siwamban,JDN-PC
VAI,Cnj,oo,maajiibatoo,maajiibatoo,2Sg,Prt,Pos,maajiibatooyamban,<<maajiibatoo>>yamban,JDN-PC
VAI,Cnj,oo,maajiibatoo,maajiibatoo,3PlObv,Dub,Neg,maajiibatoosiinigwen,<<maajiibatoo>>siinigwen,JDN-PC
VAI,Cnj,oo,maajiibatoo,maajiibatoo,3PlObv,Dub,Pos,maajiibatoonigwen,<<maajiibatoo>>nigwen,JDN-PC
VAI,Cnj,oo,maajiibatoo,maajiibatoo,3PlObv,Dub+Prt,Neg,maajiibatoosiinigobanen,<<maajiibatoo>>siinigobanen,JDN-PC
VAI,Cnj,oo,maajiibatoo,maajiibatoo,3PlObv,Dub+Prt,Pos,maajiibatoonigobanen,<<maajiibatoo>>nigobanen,JDN-PC
VAI,Cnj,oo,maajiibatoo,maajiibatoo,3PlObv,Neu,Neg,maajiibatoosinig,<<maajiibatoo>>sinig,JDN-PC
VAI,Cnj,oo,maajiibatoo,maajiibatoo,3PlObv,Neu,Pos,maajiibatoonid,<<maajiibatoo>>nid,JDN-PC
VAI,Cnj,oo,maajiibatoo,maajiibatoo,3PlObv,Prt,Neg,maajiibatoosinigoban,<<maajiibatoo>>sinigoban,JDN-PC
VAI,Cnj,oo,maajiibatoo,maajiibatoo,3PlObv,Prt,Pos,maajiibatoonipan,<<maajiibatoo>>nipan,JDN-PC
VAI,Cnj,oo,maajiibatoo,maajiibatoo,3PlProx,Dub,Neg,maajiibatoosiiwaagwen,<<maajiibatoo>>siiwaagwen,JDN-PC
VAI,Cnj,oo,maajiibatoo,maajiibatoo,3PlProx,Dub,Pos,maajiibatoowaagwen,<<maajiibatoo>>waagwen,JDN-PC
VAI,Cnj,oo,maajiibatoo,maajiibatoo,3PlProx,Dub+Prt,Neg,maajiibatoosiiwaagobanen,<<maajiibatoo>>siiwaagobanen,JDN-PC
VAI,Cnj,oo,maajiibatoo,maajiibatoo,3PlProx,Dub+Prt,Pos,maajiibatoowaagobanen,<<maajiibatoo>>waagobanen,JDN-PC
VAI,Cnj,oo,maajiibatoo,maajiibatoo,3PlProx,Neu,Neg,maajiibatoosigwaa,<<maajiibatoo>>sigwaa,JDN-PC
VAI,Cnj,oo,maajiibatoo,maajiibatoo,3PlProx,Neu,Pos,maajiibatoowaad,<<maajiibatoo>>waad,JDN-PC
VAI,Cnj,oo,maajiibatoo,maajiibatoo,3PlProx,Prt,Neg,maajiibatoosigwaaban,<<maajiibatoo>>sigwaaban,JDN-PC
VAI,Cnj,oo,maajiibatoo,maajiibatoo,3PlProx,Prt,Pos,maajiibatoowaapan,<<maajiibatoo>>waapan,JDN-PC
VAI,Cnj,oo,maajiibatoo,maajiibatoo,3SgObv,Dub,Neg,maajiibatoosiinigwen,<<maajiibatoo>>siinigwen,JDN-PC
VAI,Cnj,oo,maajiibatoo,maajiibatoo,3SgObv,Dub,Pos,maajiibatoonigwen,<<maajiibatoo>>nigwen,JDN-PC
VAI,Cnj,oo,maajiibatoo,maajiibatoo,3SgObv,Dub+Prt,Neg,maajiibatoosiinigobanen,<<maajiibatoo>>siinigobanen,JDN-PC
VAI,Cnj,oo,maajiibatoo,maajiibatoo,3SgObv,Dub+Prt,Pos,maajiibatoonigobanen,<<maajiibatoo>>nigobanen,JDN-PC
VAI,Cnj,oo,maajiibatoo,maajiibatoo,3SgObv,Neu,Neg,maajiibatoosinig,<<maajiibatoo>>sinig,JDN-PC
VAI,Cnj,oo,maajiibatoo,maajiibatoo,3SgObv,Neu,Pos,maajiibatoonid,<<maajiibatoo>>nid,JDN-PC
VAI,Cnj,oo,maajiibatoo,maajiibatoo,3SgObv,Prt,Neg,maajiibatoosinigoban,<<maajiibatoo>>sinigoban,JDN-PC
VAI,Cnj,oo,maajiibatoo,maajiibatoo,3SgObv,Prt,Pos,maajiibatoonipan,<<maajiibatoo>>nipan,JDN-PC
VAI,Cnj,oo,maajiibatoo,maajiibatoo,3SgProx,Dub,Neg,maajiibatoosiigwen,<<maajiibatoo>>siigwen,JDN-PC
VAI,Cnj,oo,maajiibatoo,maajiibatoo,3SgProx,Dub,Pos,maajiibatoogwen,<<maajiibatoo>>gwen,JDN-PC
VAI,Cnj,oo,maajiibatoo,maajiibatoo,3SgProx,Dub+Prt,Neg,maajiibatoosiigobanen,<<maajiibatoo>>siigobanen,JDN-PC
VAI,Cnj,oo,maajiibatoo,maajiibatoo,3SgProx,Dub+Prt,Pos,maajiibatoogobanen,<<maajiibatoo>>gobanen,JDN-PC
VAI,Cnj,oo,maajiibatoo,maajiibatoo,3SgProx,Neu,Neg,maajiibatoosig,<<maajiibatoo>>sig,JDN-PC
VAI,Cnj,oo,maajiibatoo,maajiibatoo,3SgProx,Neu,Pos,maajiibatood,<<maajiibatoo>>d,JDN-PC
VAI,Cnj,oo,maajiibatoo,maajiibatoo,3SgProx,Prt,Neg,maajiibatoosigoban,<<maajiibatoo>>sigoban,JDN-PC
VAI,Cnj,oo,maajiibatoo,maajiibatoo,3SgProx,Prt,Pos,maajiibatoopan,<<maajiibatoo>>pan,JDN-PC
VAI,Cnj,oo,maajiibatoo,maajiibatoo,Excl,Dub,Neg,maajiibatoosiiwaangen,<<maajiibatoo>>siiwaangen,JDN-PC
VAI,Cnj,oo,maajiibatoo,maajiibatoo,Excl,Dub,Pos,maajiibatoowaangen,<<maajiibatoo>>waangen,JDN-PC
VAI,Cnj,oo,maajiibatoo,maajiibatoo,Excl,Dub+Prt,Neg,maajiibatoosiiwaangibanen,<<maajiibatoo>>siiwaangibanen,JDN-PC
VAI,Cnj,oo,maajiibatoo,maajiibatoo,Excl,Dub+Prt,Pos,maajiibatoowaangibanen,<<maajiibatoo>>waangibanen,JDN-PC
VAI,Cnj,oo,maajiibatoo,maajiibatoo,Excl,Neu,Neg,maajiibatoosiwaang,<<maajiibatoo>>siwaang,JDN-PC
VAI,Cnj,oo,maajiibatoo,maajiibatoo,Excl,Neu,Pos,maajiibatooyaang,<<maajiibatoo>>yaang,JDN-PC
VAI,Cnj,oo,maajiibatoo,maajiibatoo,Excl,Prt,Neg,maajiibatoosiwaangiban,<<maajiibatoo>>siwaangiban,JDN-PC
VAI,Cnj,oo,maajiibatoo,maajiibatoo,Excl,Prt,Pos,maajiibatooyaangiban,<<maajiibatoo>>yaangiban,JDN-PC
VAI,Cnj,oo,maajiibatoo,maajiibatoo,Incl,Dub,Neg,maajiibatoosiiwangen,<<maajiibatoo>>siiwangen,JDN-PC
VAI,Cnj,oo,maajiibatoo,maajiibatoo,Incl,Dub,Pos,maajiibatoowangen,<<maajiibatoo>>wangen,JDN-PC
VAI,Cnj,oo,maajiibatoo,maajiibatoo,Incl,Dub+Prt,Neg,maajiibatoosiiwangibanen,<<maajiibatoo>>siiwangibanen,JDN-PC
VAI,Cnj,oo,maajiibatoo,maajiibatoo,Incl,Dub+Prt,Pos,maajiibatoowangibanen,<<maajiibatoo>>wangibanen,JDN-PC
VAI,Cnj,oo,maajiibatoo,maajiibatoo,Incl,Neu,Neg,maajiibatoosiwang,<<maajiibatoo>>siwang,JDN-PC
VAI,Cnj,oo,maajiibatoo,maajiibatoo,Incl,Neu,Pos,maajiibatooyang,<<maajiibatoo>>yang,JDN-PC
VAI,Cnj,oo,maajiibatoo,maajiibatoo,Incl,Prt,Neg,maajiibatoosiwangiban,<<maajiibatoo>>siwangiban,JDN-PC
VAI,Cnj,oo,maajiibatoo,maajiibatoo,Incl,Prt,Pos,maajiibatooyangiban,<<maajiibatoo>>yangiban,JDN-PC
VAI,Cnj,oo,maajiibatoo,maajiibatoo,X,Dub,Neg,maajiibatoosiiwiingen,<<maajiibatoo>>siiwiingen,JDN-PC
VAI,Cnj,oo,maajiibatoo,maajiibatoo,X,Dub,Pos,maajiibatoowiingen,<<maajiibatoo>>wiingen,JDN-PC
VAI,Cnj,oo,maajiibatoo,maajiibatoo,X,Dub+Prt,Neg,maajiibatoosiiwiingibanen,<<maajiibatoo>>siiwiingibanen,JDN-PC
VAI,Cnj,oo,maajiibatoo,maajiibatoo,X,Dub+Prt,Pos,maajiibatoowiingibanen,<<maajiibatoo>>wiingibanen,JDN-PC
VAI,Cnj,oo,maajiibatoo,maajiibatoo,X,Neu,Neg,maajiibatoosing,<<maajiibatoo>>sing,JDN-PC
VAI,Cnj,oo,maajiibatoo,maajiibatoo,X,Neu,Pos,maajiibatoong,<<maajiibatoo>>ng,JDN-PC
VAI,Cnj,oo,maajiibatoo,maajiibatoo,X,Prt,Neg,maajiibatoosingiban,<<maajiibatoo>>singiban,JDN-PC
VAI,Cnj,oo,maajiibatoo,maajiibatoo,X,Prt,Pos,maajiibatoongiban,<<maajiibatoo>>ngiban,JDN-PC
VAI,Cnj,ii,madaabii,madaabii,1Sg,Dub,Neg,madaabiisiiwaanen,<<madaabii>>siiwaanen,JDN-PC
VAI,Cnj,ii,madaabii,madaabii,1Sg,Dub,Pos,madaabiiwaanen,<<madaabii>>waanen,JDN-PC
VAI,Cnj,ii,madaabii,madaabii,1Sg,Dub+Prt,Neg,madaabiisiiwaambaanen,<<madaabii>>siiwaambaanen,JDN-PC
VAI,Cnj,ii,madaabii,madaabii,1Sg,Dub+Prt,Pos,madaabiiwaambaanen,<<madaabii>>waambaanen,JDN-PC
VAI,Cnj,ii,madaabii,madaabii,1Sg,Neu,Neg,madaabiisiwaan,<<madaabii>>siwaan,JDN-PC
VAI,Cnj,ii,madaabii,madaabii,1Sg,Neu,Pos,madaabiiyaan,<<madaabii>>yaan,JDN-PC
VAI,Cnj,ii,madaabii,madaabii,1Sg,Prt,Neg,madaabiisiwaambaan,<<madaabii>>siwaambaan,JDN-PC
VAI,Cnj,ii,madaabii,madaabii,1Sg,Prt,Pos,madaabiiyaambaan,<<madaabii>>yaambaan,JDN-PC
VAI,Cnj,ii,madaabii,madaabii,2Pl,Dub,Neg,madaabiisiiwegwen,<<madaabii>>siiwegwen,JDN-PC
VAI,Cnj,ii,madaabii,madaabii,2Pl,Dub,Pos,madaabiiwegwen,<<madaabii>>wegwen,JDN-PC
VAI,Cnj,ii,madaabii,madaabii,2Pl,Dub+Prt,Neg,madaabiisiiwegibanen,<<madaabii>>siiwegibanen,JDN-PC
VAI,Cnj,ii,madaabii,madaabii,2Pl,Dub+Prt,Pos,madaabiiwegibanen,<<madaabii>>wegibanen,JDN-PC
VAI,Cnj,ii,madaabii,madaabii,2Pl,Neu,Neg,madaabiisiweg,<<madaabii>>siweg,JDN-PC
VAI,Cnj,ii,madaabii,madaabii,2Pl,Neu,Pos,madaabiiyeg,<<madaabii>>yeg,JDN-PC
VAI,Cnj,ii,madaabii,madaabii,2Pl,Prt,Neg,madaabiisiwegiban,<<madaabii>>siwegiban,JDN-PC
VAI,Cnj,ii,madaabii,madaabii,2Pl,Prt,Pos,madaabiiyegiban,<<madaabii>>yegiban,JDN-PC
VAI,Cnj,ii,madaabii,madaabii,2Sg,Dub,Neg,madaabiisiiwanen,<<madaabii>>siiwanen,JDN-PC
VAI,Cnj,ii,madaabii,madaabii,2Sg,Dub,Pos,madaabiiwanen,<<madaabii>>wanen,JDN-PC
VAI,Cnj,ii,madaabii,madaabii,2Sg,Dub+Prt,Neg,madaabiisiiwambanen,<<madaabii>>siiwambanen,JDN-PC
VAI,Cnj,ii,madaabii,madaabii,2Sg,Dub+Prt,Pos,madaabiiwambanen,<<madaabii>>wambanen,JDN-PC
VAI,Cnj,ii,madaabii,madaabii,2Sg,Neu,Neg,madaabiisiwan ,<<madaabii>>siwan ,JDN-PC
VAI,Cnj,ii,madaabii,madaabii,2Sg,Neu,Pos,madaabiiyan ,<<madaabii>>yan ,JDN-PC
VAI,Cnj,ii,madaabii,madaabii,2Sg,Prt,Neg,madaabiisiwamban,<<madaabii>>siwamban,JDN-PC
VAI,Cnj,ii,madaabii,madaabii,2Sg,Prt,Pos,madaabiiyamban,<<madaabii>>yamban,JDN-PC
VAI,Cnj,ii,madaabii,madaabii,3PlObv,Dub,Neg,madaabiisiinigwen,<<madaabii>>siinigwen,JDN-PC
VAI,Cnj,ii,madaabii,madaabii,3PlObv,Dub,Pos,madaabiinigwen,<<madaabii>>nigwen,JDN-PC
VAI,Cnj,ii,madaabii,madaabii,3PlObv,Dub+Prt,Neg,madaabiisiinigobanen,<<madaabii>>siinigobanen,JDN-PC
VAI,Cnj,ii,madaabii,madaabii,3PlObv,Dub+Prt,Pos,madaabiinigobanen,<<madaabii>>nigobanen,JDN-PC
VAI,Cnj,ii,madaabii,madaabii,3PlObv,Neu,Neg,madaabiisinig,<<madaabii>>sinig,JDN-PC
VAI,Cnj,ii,madaabii,madaabii,3PlObv,Neu,Pos,madaabiinid,<<madaabii>>nid,JDN-PC
VAI,Cnj,ii,madaabii,madaabii,3PlObv,Prt,Neg,madaabiisinigoban,<<madaabii>>sinigoban,JDN-PC
VAI,Cnj,ii,madaabii,madaabii,3PlObv,Prt,Pos,madaabiinipan,<<madaabii>>nipan,JDN-PC
VAI,Cnj,ii,madaabii,madaabii,3PlProx,Dub,Neg,madaabiisiiwaagwen,<<madaabii>>siiwaagwen,JDN-PC
VAI,Cnj,ii,madaabii,madaabii,3PlProx,Dub,Pos,madaabiiwaagwen,<<madaabii>>waagwen,JDN-PC
VAI,Cnj,ii,madaabii,madaabii,3PlProx,Dub+Prt,Neg,madaabiisiiwaagobanen,<<madaabii>>siiwaagobanen,JDN-PC
VAI,Cnj,ii,madaabii,madaabii,3PlProx,Dub+Prt,Pos,madaabiiwaagobanen,<<madaabii>>waagobanen,JDN-PC
VAI,Cnj,ii,madaabii,madaabii,3PlProx,Neu,Neg,madaabiisigwaa,<<madaabii>>sigwaa,JDN-PC
VAI,Cnj,ii,madaabii,madaabii,3PlProx,Neu,Pos,madaabiiwaad,<<madaabii>>waad,JDN-PC
VAI,Cnj,ii,madaabii,madaabii,3PlProx,Prt,Neg,madaabiisigwaaban,<<madaabii>>sigwaaban,JDN-PC
VAI,Cnj,ii,madaabii,madaabii,3PlProx,Prt,Pos,madaabiiwaapan,<<madaabii>>waapan,JDN-PC
VAI,Cnj,ii,madaabii,madaabii,3SgObv,Dub,Neg,madaabiisiinigwen,<<madaabii>>siinigwen,JDN-PC
VAI,Cnj,ii,madaabii,madaabii,3SgObv,Dub,Pos,madaabiinigwen,<<madaabii>>nigwen,JDN-PC
VAI,Cnj,ii,madaabii,madaabii,3SgObv,Dub+Prt,Neg,madaabiisiinigobanen,<<madaabii>>siinigobanen,JDN-PC
VAI,Cnj,ii,madaabii,madaabii,3SgObv,Dub+Prt,Pos,madaabiinigobanen,<<madaabii>>nigobanen,JDN-PC
VAI,Cnj,ii,madaabii,madaabii,3SgObv,Neu,Neg,madaabiisinig,<<madaabii>>sinig,JDN-PC
VAI,Cnj,ii,madaabii,madaabii,3SgObv,Neu,Pos,madaabiinid,<<madaabii>>nid,JDN-PC
VAI,Cnj,ii,madaabii,madaabii,3SgObv,Prt,Neg,madaabiisinigoban,<<madaabii>>sinigoban,JDN-PC
VAI,Cnj,ii,madaabii,madaabii,3SgObv,Prt,Pos,madaabiinipan,<<madaabii>>nipan,JDN-PC
VAI,Cnj,ii,madaabii,madaabii,3SgProx,Dub,Neg,madaabiisiigwen,<<madaabii>>siigwen,JDN-PC
VAI,Cnj,ii,madaabii,madaabii,3SgProx,Dub,Pos,madaabiigwen,<<madaabii>>gwen,JDN-PC
VAI,Cnj,ii,madaabii,madaabii,3SgProx,Dub+Prt,Neg,madaabiisiigobanen,<<madaabii>>siigobanen,JDN-PC
VAI,Cnj,ii,madaabii,madaabii,3SgProx,Dub+Prt,Pos,madaabiigobanen,<<madaabii>>gobanen,JDN-PC
VAI,Cnj,ii,madaabii,madaabii,3SgProx,Neu,Neg,madaabiisig,<<madaabii>>sig,JDN-PC
VAI,Cnj,ii,madaabii,madaabii,3SgProx,Neu,Pos,madaabiid,<<madaabii>>d,JDN-PC
VAI,Cnj,ii,madaabii,madaabii,3SgProx,Prt,Neg,madaabiisigoban,<<madaabii>>sigoban,JDN-PC
VAI,Cnj,ii,madaabii,madaabii,3SgProx,Prt,Pos,madaabiipan,<<madaabii>>pan,JDN-PC
VAI,Cnj,ii,madaabii,madaabii,Excl,Dub,Neg,madaabiisiiwaangen,<<madaabii>>siiwaangen,JDN-PC
VAI,Cnj,ii,madaabii,madaabii,Excl,Dub,Pos,madaabiiwaangen,<<madaabii>>waangen,JDN-PC
VAI,Cnj,ii,madaabii,madaabii,Excl,Dub+Prt,Neg,madaabiisiiwaangibanen,<<madaabii>>siiwaangibanen,JDN-PC
VAI,Cnj,ii,madaabii,madaabii,Excl,Dub+Prt,Pos,madaabiiwaangibanen,<<madaabii>>waangibanen,JDN-PC
VAI,Cnj,ii,madaabii,madaabii,Excl,Neu,Neg,madaabiisiwaang,<<madaabii>>siwaang,JDN-PC
VAI,Cnj,ii,madaabii,madaabii,Excl,Neu,Pos,madaabiiyaang,<<madaabii>>yaang,JDN-PC
VAI,Cnj,ii,madaabii,madaabii,Excl,Prt,Neg,madaabiisiwaangiban,<<madaabii>>siwaangiban,JDN-PC
VAI,Cnj,ii,madaabii,madaabii,Excl,Prt,Pos,madaabiiyaangiban,<<madaabii>>yaangiban,JDN-PC
VAI,Cnj,ii,madaabii,madaabii,Incl,Dub,Neg,madaabiisiiwangen,<<madaabii>>siiwangen,JDN-PC
VAI,Cnj,ii,madaabii,madaabii,Incl,Dub,Pos,madaabiiwangen,<<madaabii>>wangen,JDN-PC
VAI,Cnj,ii,madaabii,madaabii,Incl,Dub+Prt,Neg,madaabiisiiwangibanen,<<madaabii>>siiwangibanen,JDN-PC
VAI,Cnj,ii,madaabii,madaabii,Incl,Dub+Prt,Pos,madaabiiwangibanen,<<madaabii>>wangibanen,JDN-PC
VAI,Cnj,ii,madaabii,madaabii,Incl,Neu,Neg,madaabiisiwang,<<madaabii>>siwang,JDN-PC
VAI,Cnj,ii,madaabii,madaabii,Incl,Neu,Pos,madaabiiyang,<<madaabii>>yang,JDN-PC
VAI,Cnj,ii,madaabii,madaabii,Incl,Prt,Neg,madaabiisiwangiban,<<madaabii>>siwangiban,JDN-PC
VAI,Cnj,ii,madaabii,madaabii,Incl,Prt,Pos,madaabiiyangiban,<<madaabii>>yangiban,JDN-PC
VAI,Cnj,ii,madaabii,madaabii,X,Dub,Neg,madaabiisiiwiingen,<<madaabii>>siiwiingen,JDN-PC
VAI,Cnj,ii,madaabii,madaabii,X,Dub,Pos,madaabiiwiingen,<<madaabii>>wiingen,JDN-PC
VAI,Cnj,ii,madaabii,madaabii,X,Dub+Prt,Neg,madaabiisiiwiingibanen,<<madaabii>>siiwiingibanen,JDN-PC
VAI,Cnj,ii,madaabii,madaabii,X,Dub+Prt,Pos,madaabiiwiingibanen,<<madaabii>>wiingibanen,JDN-PC
VAI,Cnj,ii,madaabii,madaabii,X,Neu,Neg,madaabiising,<<madaabii>>sing,JDN-PC
VAI,Cnj,ii,madaabii,madaabii,X,Neu,Pos,madaabiing,<<madaabii>>ng,JDN-PC
VAI,Cnj,ii,madaabii,madaabii,X,Prt,Neg,madaabiisingiban,<<madaabii>>singiban,JDN-PC
VAI,Cnj,ii,madaabii,madaabii,X,Prt,Pos,madaabiingiban,<<madaabii>>ngiban,JDN-PC
VAI,Cnj,m,minongwaam,minongwaam,1Sg,Dub,Neg,minongwaanziiwaanen,<<minongwaan>>ziiwaanen,JDN-PC
VAI,Cnj,m,minongwaam,minongwaam,1Sg,Dub,Pos,minongwaamowaanen,<<minongwaam>>owaanen,JDN-PC
VAI,Cnj,m,minongwaam,minongwaam,1Sg,Dub+Prt,Neg,minongwaanziiwaambaanen,<<minongwaan>>ziiwaambaanen,JDN-PC
VAI,Cnj,m,minongwaam,minongwaam,1Sg,Dub+Prt,Pos,minongwaamowaambaanen,<<minongwaam>>owaambaanen,JDN-PC
VAI,Cnj,m,minongwaam,minongwaam,1Sg,Neu,Neg,minongwaanziwaan,<<minongwaan>>ziwaan,JDN-PC
VAI,Cnj,m,minongwaam,minongwaam,1Sg,Neu,Pos,minongwaamaan,<<minongwaam>>aan,JDN-PC
VAI,Cnj,m,minongwaam,minongwaam,1Sg,Prt,Neg,minongwaanziwaambaan,<<minongwaan>>ziwaambaan,JDN-PC
VAI,Cnj,m,minongwaam,minongwaam,1Sg,Prt,Pos,minongwaamaambaan,<<minongwaam>>aambaan,JDN-PC
VAI,Cnj,m,minongwaam,minongwaam,2Pl,Dub,Neg,minongwaanziiwegwen,<<minongwaan>>ziiwegwen,JDN-PC
VAI,Cnj,m,minongwaam,minongwaam,2Pl,Dub,Pos,minongwaamowegwen,<<minongwaam>>owegwen,JDN-PC
VAI,Cnj,m,minongwaam,minongwaam,2Pl,Dub+Prt,Neg,minongwaanziiwegibanen,<<minongwaan>>ziiwegibanen,JDN-PC
VAI,Cnj,m,minongwaam,minongwaam,2Pl,Dub+Prt,Pos,minongwaamowegibanen,<<minongwaam>>owegibanen,JDN-PC
VAI,Cnj,m,minongwaam,minongwaam,2Pl,Neu,Neg,minongwaanziweg,<<minongwaan>>ziweg,JDN-PC
VAI,Cnj,m,minongwaam,minongwaam,2Pl,Neu,Pos,minongwaameg,<<minongwaam>>eg,JDN-PC
VAI,Cnj,m,minongwaam,minongwaam,2Pl,Prt,Neg,minongwaanziwegiban,<<minongwaan>>ziwegiban,JDN-PC
VAI,Cnj,m,minongwaam,minongwaam,2Pl,Prt,Pos,minongwaamegiban,<<minongwaam>>egiban,JDN-PC
VAI,Cnj,m,minongwaam,minongwaam,2Sg,Dub,Neg,minongwaanziiwanen,<<minongwaan>>ziiwanen,JDN-PC
VAI,Cnj,m,minongwaam,minongwaam,2Sg,Dub,Pos,minongwaamowanen,<<minongwaam>>owanen,JDN-PC
VAI,Cnj,m,minongwaam,minongwaam,2Sg,Dub+Prt,Neg,minongwaanziiwambanen,<<minongwaan>>ziiwambanen,JDN-PC
VAI,Cnj,m,minongwaam,minongwaam,2Sg,Dub+Prt,Pos,minongwaamowambanen,<<minongwaam>>owambanen,JDN-PC
VAI,Cnj,m,minongwaam,minongwaam,2Sg,Neu,Neg,minongwaanziwan,<<minongwaan>>ziwan,JDN-PC
VAI,Cnj,m,minongwaam,minongwaam,2Sg,Neu,Pos,minongwaaman,<<minongwaam>>an,JDN-PC
VAI,Cnj,m,minongwaam,minongwaam,2Sg,Prt,Neg,minongwaanziwamban,<<minongwaan>>ziwamban,JDN-PC
VAI,Cnj,m,minongwaam,minongwaam,2Sg,Prt,Pos,minongwaamamban,<<minongwaam>>amban,JDN-PC
VAI,Cnj,m,minongwaam,minongwaam,3PlObv,Dub,Neg,minongwaanziinigwen,<<minongwaan>>ziinigwen,JDN-PC
VAI,Cnj,m,minongwaam,minongwaam,3PlObv,Dub,Pos,minongwaaminigwen,<<minongwaam>>inigwen,JDN-PC
VAI,Cnj,m,minongwaam,minongwaam,3PlObv,Dub+Prt,Neg,minongwaanziinigobanen,<<minongwaan>>ziinigobanen,JDN-PC
VAI,Cnj,m,minongwaam,minongwaam,3PlObv,Dub+Prt,Pos,minongwaaminigobanen,<<minongwaam>>inigobanen,JDN-PC
VAI,Cnj,m,minongwaam,minongwaam,3PlObv,Neu,Neg,minongwaanzinig,<<minongwaan>>zinig,JDN-PC
VAI,Cnj,m,minongwaam,minongwaam,3PlObv,Neu,Pos,minongwaaminid,<<minongwaam>>inid,JDN-PC
VAI,Cnj,m,minongwaam,minongwaam,3PlObv,Prt,Neg,minongwaanzinigoban,<<minongwaan>>zinigoban,JDN-PC
VAI,Cnj,m,minongwaam,minongwaam,3PlObv,Prt,Pos,minongwaaminipan,<<minongwaam>>inipan,JDN-PC
VAI,Cnj,m,minongwaam,minongwaam,3PlProx,Dub,Neg,minongwaanziiwaagwen,<<minongwaan>>ziiwaagwen,JDN-PC
VAI,Cnj,m,minongwaam,minongwaam,3PlProx,Dub,Pos,minongwaamowaagwen,<<minongwaam>>owaagwen,JDN-PC
VAI,Cnj,m,minongwaam,minongwaam,3PlProx,Dub+Prt,Neg,minongwaanziiwaagobanen,<<minongwaan>>ziiwaagobanen,JDN-PC
VAI,Cnj,m,minongwaam,minongwaam,3PlProx,Dub+Prt,Pos,minongwaamowaagobanen,<<minongwaam>>owaagobanen,JDN-PC
VAI,Cnj,m,minongwaam,minongwaam,3PlProx,Neu,Neg,minongwaanzigwaa,<<minongwaan>>zigwaa,JDN-PC
VAI,Cnj,m,minongwaam,minongwaam,3PlProx,Neu,Pos,minongwaamowaad,<<minongwaam>>owaad,JDN-PC
VAI,Cnj,m,minongwaam,minongwaam,3PlProx,Prt,Neg,minongwaanzigwaaban,<<minongwaan>>zigwaaban,JDN-PC
VAI,Cnj,m,minongwaam,minongwaam,3PlProx,Prt,Pos,minongwaamowaapan,<<minongwaam>>owaapan,JDN-PC
VAI,Cnj,m,minongwaam,minongwaam,3SgObv,Dub,Neg,minongwaanziinigwen,<<minongwaan>>ziinigwen,JDN-PC
VAI,Cnj,m,minongwaam,minongwaam,3SgObv,Dub,Pos,minongwaaminigwen,<<minongwaam>>inigwen,JDN-PC
VAI,Cnj,m,minongwaam,minongwaam,3SgObv,Dub+Prt,Neg,minongwaanziinigobanen,<<minongwaan>>ziinigobanen,JDN-PC
VAI,Cnj,m,minongwaam,minongwaam,3SgObv,Dub+Prt,Pos,minongwaaminigobanen,<<minongwaam>>inigobanen,JDN-PC
VAI,Cnj,m,minongwaam,minongwaam,3SgObv,Neu,Neg,minongwaanzinig,<<minongwaan>>zinig,JDN-PC
VAI,Cnj,m,minongwaam,minongwaam,3SgObv,Neu,Pos,minongwaaminid,<<minongwaam>>inid,JDN-PC
VAI,Cnj,m,minongwaam,minongwaam,3SgObv,Prt,Neg,minongwaanzinigoban,<<minongwaan>>zinigoban,JDN-PC
VAI,Cnj,m,minongwaam,minongwaam,3SgObv,Prt,Pos,minongwaaminipan,<<minongwaam>>inipan,JDN-PC
VAI,Cnj,m,minongwaam,minongwaam,3SgProx,Dub,Neg,minongwaanziigwen,<<minongwaan>>ziigwen,JDN-PC
VAI,Cnj,m,minongwaam,minongwaam,3SgProx,Dub,Pos,minongwaamogwen,<<minongwaam>>ogwen,JDN-PC
VAI,Cnj,m,minongwaam,minongwaam,3SgProx,Dub+Prt,Neg,minongwaanziigobanen,<<minongwaan>>ziigobanen,JDN-PC
VAI,Cnj,m,minongwaam,minongwaam,3SgProx,Dub+Prt,Pos,minongwaamogobanen,<<minongwaam>>ogobanen,JDN-PC
VAI,Cnj,m,minongwaam,minongwaam,3SgProx,Neu,Neg,minongwaanzig,<<minongwaan>>zig,JDN-PC
VAI,Cnj,m,minongwaam,minongwaam,3SgProx,Neu,Pos,minongwaang,<<minongwaan>>g,JDN-PC
VAI,Cnj,m,minongwaam,minongwaam,3SgProx,Prt,Neg,minongwaanzigoban,<<minongwaan>>zigoban,JDN-PC
VAI,Cnj,m,minongwaam,minongwaam,3SgProx,Prt,Pos,minongwaangiban,<<minongwaan>>giban,JDN-PC
VAI,Cnj,m,minongwaam,minongwaam,Excl,Dub,Neg,minongwaanziiwaangen,<<minongwaan>>ziiwaangen,JDN-PC
VAI,Cnj,m,minongwaam,minongwaam,Excl,Dub,Pos,minongwaamowaangen,<<minongwaam>>owaangen,JDN-PC
VAI,Cnj,m,minongwaam,minongwaam,Excl,Dub+Prt,Neg,minongwaanziiwaangibanen,<<minongwaan>>ziiwaangibanen,JDN-PC
VAI,Cnj,m,minongwaam,minongwaam,Excl,Dub+Prt,Pos,minongwaamowaangibanen,<<minongwaam>>owaangibanen,JDN-PC
VAI,Cnj,m,minongwaam,minongwaam,Excl,Neu,Neg,minongwaanziwaang,<<minongwaan>>ziwaang,JDN-PC
VAI,Cnj,m,minongwaam,minongwaam,Excl,Neu,Pos,minongwaamaang,<<minongwaam>>aang,JDN-PC
VAI,Cnj,m,minongwaam,minongwaam,Excl,Prt,Neg,minongwaanziwaangiban,<<minongwaan>>ziwaangiban,JDN-PC
VAI,Cnj,m,minongwaam,minongwaam,Excl,Prt,Pos,minongwaamaangiban,<<minongwaam>>aangiban,JDN-PC
VAI,Cnj,m,minongwaam,minongwaam,Incl,Dub,Neg,minongwaanziiwangen,<<minongwaan>>ziiwangen,JDN-PC
VAI,Cnj,m,minongwaam,minongwaam,Incl,Dub,Pos,minongwaamowangen,<<minongwaam>>owangen,JDN-PC
VAI,Cnj,m,minongwaam,minongwaam,Incl,Dub+Prt,Neg,minongwaanziiwangibanen,<<minongwaan>>ziiwangibanen,JDN-PC
VAI,Cnj,m,minongwaam,minongwaam,Incl,Dub+Prt,Pos,minongwaamowangibanen,<<minongwaam>>owangibanen,JDN-PC
VAI,Cnj,m,minongwaam,minongwaam,Incl,Neu,Neg,minongwaanziwang,<<minongwaan>>ziwang,JDN-PC
VAI,Cnj,m,minongwaam,minongwaam,Incl,Neu,Pos,minongwaamang,<<minongwaam>>ang,JDN-PC
VAI,Cnj,m,minongwaam,minongwaam,Incl,Prt,Neg,minongwaanziwangiban,<<minongwaan>>ziwangiban,JDN-PC
VAI,Cnj,m,minongwaam,minongwaam,Incl,Prt,Pos,minongwaamangiban,<<minongwaam>>angiban,JDN-PC
VAI,Cnj,m,minongwaam,minongwaam,X,Dub,Neg,minongwaanziiwiingen,<<minongwaan>>ziiwiingen,JDN-PC
VAI,Cnj,m,minongwaam,minongwaam,X,Dub,Pos,minongwaamowiingen,<<minongwaam>>owiingen,JDN-PC
VAI,Cnj,m,minongwaam,minongwaam,X,Dub+Prt,Neg,minongwaanziiwiingibanen,<<minongwaan>>ziiwiingibanen,JDN-PC
VAI,Cnj,m,minongwaam,minongwaam,X,Dub+Prt,Pos,minongwaamowiingibanen,<<minongwaam>>owiingibanen,JDN-PC
VAI,Cnj,m,minongwaam,minongwaam,X,Neu,Neg,minongwaanzing,<<minongwaan>>zing,JDN-PC
VAI,Cnj,m,minongwaam,minongwaam,X,Neu,Pos,minongwaaming,<<minongwaam>>ing,JDN-PC
VAI,Cnj,m,minongwaam,minongwaam,X,Prt,Neg,minongwaanzingiban,<<minongwaan>>zingiban,JDN-PC
VAI,Cnj,m,minongwaam,minongwaam,X,Prt,Pos,minongwaamingiban,<<minongwaam>>ingiban,JDN-PC
VAI,Cnj,o,nagamo,nagamo,1Sg,Dub,Neg,nagamosiiwaanen,<<nagamo>>siiwaanen,JDN-PC
VAI,Cnj,o,nagamo,nagamo,1Sg,Dub,Pos,nagamowaanen,<<nagamo>>waanen,JDN-PC
VAI,Cnj,o,nagamo,nagamo,1Sg,Dub+Prt,Neg,nagamosiiwaambaanen,<<nagamo>>siiwaambaanen,JDN-PC
VAI,Cnj,o,nagamo,nagamo,1Sg,Dub+Prt,Pos,nagamowaambaanen,<<nagamo>>waambaanen,JDN-PC
VAI,Cnj,o,nagamo,nagamo,1Sg,Neu,Neg,nagamosiwaan,<<nagamo>>siwaan,JDN-PC
VAI,Cnj,o,nagamo,nagamo,1Sg,Neu,Pos,nagamoyaan,<<nagamo>>yaan,JDN-PC
VAI,Cnj,o,nagamo,nagamo,1Sg,Prt,Neg,nagamosiwaambaan,<<nagamo>>siwaambaan,JDN-PC
VAI,Cnj,o,nagamo,nagamo,1Sg,Prt,Pos,nagamoyaambaan,<<nagamo>>yaambaan,JDN-PC
VAI,Cnj,o,nagamo,nagamo,2Pl,Dub,Neg,nagamosiiwegwen,<<nagamo>>siiwegwen,JDN-PC
VAI,Cnj,o,nagamo,nagamo,2Pl,Dub,Pos,nagamowegwen,<<nagamo>>wegwen,JDN-PC
VAI,Cnj,o,nagamo,nagamo,2Pl,Dub+Prt,Neg,nagamosiiwegibanen,<<nagamo>>siiwegibanen,JDN-PC
VAI,Cnj,o,nagamo,nagamo,2Pl,Dub+Prt,Pos,nagamowegibanen,<<nagamo>>wegibanen,JDN-PC
VAI,Cnj,o,nagamo,nagamo,2Pl,Neu,Neg,nagamosiweg,<<nagamo>>siweg,JDN-PC
VAI,Cnj,o,nagamo,nagamo,2Pl,Neu,Pos,nagamoyeg,<<nagamo>>yeg,JDN-PC
VAI,Cnj,o,nagamo,nagamo,2Pl,Prt,Neg,nagamosiwegiban,<<nagamo>>siwegiban,JDN-PC
VAI,Cnj,o,nagamo,nagamo,2Pl,Prt,Pos,nagamoyegiban,<<nagamo>>yegiban,JDN-PC
VAI,Cnj,o,nagamo,nagamo,2Sg,Dub,Neg,nagamosiiwanen,<<nagamo>>siiwanen,JDN-PC
VAI,Cnj,o,nagamo,nagamo,2Sg,Dub,Pos,nagamowanen,<<nagamo>>wanen,JDN-PC
VAI,Cnj,o,nagamo,nagamo,2Sg,Dub+Prt,Neg,nagamosiiwambanen,<<nagamo>>siiwambanen,JDN-PC
VAI,Cnj,o,nagamo,nagamo,2Sg,Dub+Prt,Pos,nagamowambanen,<<nagamo>>wambanen,JDN-PC
VAI,Cnj,o,nagamo,nagamo,2Sg,Neu,Neg,nagamosiwan ,<<nagamo>>siwan ,JDN-PC
VAI,Cnj,o,nagamo,nagamo,2Sg,Neu,Pos,nagamoyan ,<<nagamo>>yan ,JDN-PC
VAI,Cnj,o,nagamo,nagamo,2Sg,Prt,Neg,nagamosiwamban,<<nagamo>>siwamban,JDN-PC
VAI,Cnj,o,nagamo,nagamo,2Sg,Prt,Pos,nagamoyamban,<<nagamo>>yamban,JDN-PC
VAI,Cnj,o,nagamo,nagamo,3PlObv,Dub,Neg,nagamosiinigwen,<<nagamo>>siinigwen,JDN-PC
VAI,Cnj,o,nagamo,nagamo,3PlObv,Dub,Pos,nagamonigwen,<<nagamo>>nigwen,JDN-PC
VAI,Cnj,o,nagamo,nagamo,3PlObv,Dub+Prt,Neg,nagamosiinigobanen,<<nagamo>>siinigobanen,JDN-PC
VAI,Cnj,o,nagamo,nagamo,3PlObv,Dub+Prt,Pos,nagamonigobanen,<<nagamo>>nigobanen,JDN-PC
VAI,Cnj,o,nagamo,nagamo,3PlObv,Neu,Neg,nagamosinig,<<nagamo>>sinig,JDN-PC
VAI,Cnj,o,nagamo,nagamo,3PlObv,Neu,Pos,nagamonid,<<nagamo>>nid,JDN-PC
VAI,Cnj,o,nagamo,nagamo,3PlObv,Prt,Neg,nagamosinigoban,<<nagamo>>sinigoban,JDN-PC
VAI,Cnj,o,nagamo,nagamo,3PlObv,Prt,Pos,nagamonipan,<<nagamo>>nipan,JDN-PC
VAI,Cnj,o,nagamo,nagamo,3PlProx,Dub,Neg,nagamosiiwaagwen,<<nagamo>>siiwaagwen,JDN-PC
VAI,Cnj,o,nagamo,nagamo,3PlProx,Dub,Pos,nagamowaagwen,<<nagamo>>waagwen,JDN-PC
VAI,Cnj,o,nagamo,nagamo,3PlProx,Dub+Prt,Neg,nagamosiiwaagobanen,<<nagamo>>siiwaagobanen,JDN-PC
VAI,Cnj,o,nagamo,nagamo,3PlProx,Dub+Prt,Pos,nagamowaagobanen,<<nagamo>>waagobanen,JDN-PC
VAI,Cnj,o,nagamo,nagamo,3PlProx,Neu,Neg,nagamosigwaa,<<nagamo>>sigwaa,JDN-PC
VAI,Cnj,o,nagamo,nagamo,3PlProx,Neu,Pos,nagamowaad,<<nagamo>>waad,JDN-PC
VAI,Cnj,o,nagamo,nagamo,3PlProx,Prt,Neg,nagamosigwaaban,<<nagamo>>sigwaaban,JDN-PC
VAI,Cnj,o,nagamo,nagamo,3PlProx,Prt,Pos,nagamowaapan,<<nagamo>>waapan,JDN-PC
VAI,Cnj,o,nagamo,nagamo,3SgObv,Dub,Neg,nagamosiinigwen,<<nagamo>>siinigwen,JDN-PC
VAI,Cnj,o,nagamo,nagamo,3SgObv,Dub,Pos,nagamonigwen,<<nagamo>>nigwen,JDN-PC
VAI,Cnj,o,nagamo,nagamo,3SgObv,Dub+Prt,Neg,nagamosiinigobanen,<<nagamo>>siinigobanen,JDN-PC
VAI,Cnj,o,nagamo,nagamo,3SgObv,Dub+Prt,Pos,nagamonigobanen,<<nagamo>>nigobanen,JDN-PC
VAI,Cnj,o,nagamo,nagamo,3SgObv,Neu,Neg,nagamosinig,<<nagamo>>sinig,JDN-PC
VAI,Cnj,o,nagamo,nagamo,3SgObv,Neu,Pos,nagamonid,<<nagamo>>nid,JDN-PC
VAI,Cnj,o,nagamo,nagamo,3SgObv,Prt,Neg,nagamosinigoban,<<nagamo>>sinigoban,JDN-PC
VAI,Cnj,o,nagamo,nagamo,3SgObv,Prt,Pos,nagamonipan,<<nagamo>>nipan,JDN-PC
VAI,Cnj,o,nagamo,nagamo,3SgProx,Dub,Neg,nagamosiigwen,<<nagamo>>siigwen,JDN-PC
VAI,Cnj,o,nagamo,nagamo,3SgProx,Dub,Pos,nagamogwen,<<nagamo>>gwen,JDN-PC
VAI,Cnj,o,nagamo,nagamo,3SgProx,Dub+Prt,Neg,nagamosiigobanen,<<nagamo>>siigobanen,JDN-PC
VAI,Cnj,o,nagamo,nagamo,3SgProx,Dub+Prt,Pos,nagamogobanen,<<nagamo>>gobanen,JDN-PC
VAI,Cnj,o,nagamo,nagamo,3SgProx,Neu,Neg,nagamosig,<<nagamo>>sig,JDN-PC
VAI,Cnj,o,nagamo,nagamo,3SgProx,Neu,Pos,nagamod,<<nagamo>>d,JDN-PC
VAI,Cnj,o,nagamo,nagamo,3SgProx,Prt,Neg,nagamosigoban,<<nagamo>>sigoban,JDN-PC
VAI,Cnj,o,nagamo,nagamo,3SgProx,Prt,Pos,nagamopan,<<nagamo>>pan,JDN-PC
VAI,Cnj,o,nagamo,nagamo,Excl,Dub,Neg,nagamosiiwaangen,<<nagamo>>siiwaangen,JDN-PC
VAI,Cnj,o,nagamo,nagamo,Excl,Dub,Pos,nagamowaangen,<<nagamo>>waangen,JDN-PC
VAI,Cnj,o,nagamo,nagamo,Excl,Dub+Prt,Neg,nagamosiiwaangibanen,<<nagamo>>siiwaangibanen,JDN-PC
VAI,Cnj,o,nagamo,nagamo,Excl,Dub+Prt,Pos,nagamowaangibanen,<<nagamo>>waangibanen,JDN-PC
VAI,Cnj,o,nagamo,nagamo,Excl,Neu,Neg,nagamosiwaang,<<nagamo>>siwaang,JDN-PC
VAI,Cnj,o,nagamo,nagamo,Excl,Neu,Pos,nagamoyaang,<<nagamo>>yaang,JDN-PC
VAI,Cnj,o,nagamo,nagamo,Excl,Prt,Neg,nagamosiwaangiban,<<nagamo>>siwaangiban,JDN-PC
VAI,Cnj,o,nagamo,nagamo,Excl,Prt,Pos,nagamoyaangiban,<<nagamo>>yaangiban,JDN-PC
VAI,Cnj,o,nagamo,nagamo,Incl,Dub,Neg,nagamosiiwangen,<<nagamo>>siiwangen,JDN-PC
VAI,Cnj,o,nagamo,nagamo,Incl,Dub,Pos,nagamowangen,<<nagamo>>wangen,JDN-PC
VAI,Cnj,o,nagamo,nagamo,Incl,Dub+Prt,Neg,nagamosiiwangibanen,<<nagamo>>siiwangibanen,JDN-PC
VAI,Cnj,o,nagamo,nagamo,Incl,Dub+Prt,Pos,nagamowangibanen,<<nagamo>>wangibanen,JDN-PC
VAI,Cnj,o,nagamo,nagamo,Incl,Neu,Neg,nagamosiwang,<<nagamo>>siwang,JDN-PC
VAI,Cnj,o,nagamo,nagamo,Incl,Neu,Pos,nagamoyang,<<nagamo>>yang,JDN-PC
VAI,Cnj,o,nagamo,nagamo,Incl,Prt,Neg,nagamosiwangiban,<<nagamo>>siwangiban,JDN-PC
VAI,Cnj,o,nagamo,nagamo,Incl,Prt,Pos,nagamoyangiban,<<nagamo>>yangiban,JDN-PC
VAI,Cnj,o,nagamo,nagamo,X,Dub,Neg,nagamosiiwiingen,<<nagamo>>siiwiingen,JDN-PC
VAI,Cnj,o,nagamo,nagamo,X,Dub,Pos,nagamowiingen,<<nagamo>>wiingen,JDN-PC
VAI,Cnj,o,nagamo,nagamo,X,Dub+Prt,Neg,nagamosiiwiingibanen,<<nagamo>>siiwiingibanen,JDN-PC
VAI,Cnj,o,nagamo,nagamo,X,Dub+Prt,Pos,nagamowiingibanen,<<nagamo>>wiingibanen,JDN-PC
VAI,Cnj,o,nagamo,nagamo,X,Neu,Neg,nagamosing,<<nagamo>>sing,JDN-PC
VAI,Cnj,o,nagamo,nagamo,X,Neu,Pos,nagamong,<<nagamo>>ng,JDN-PC
VAI,Cnj,o,nagamo,nagamo,X,Prt,Neg,nagamosingiban,<<nagamo>>singiban,JDN-PC
VAI,Cnj,o,nagamo,nagamo,X,Prt,Pos,nagamongiban,<<nagamo>>ngiban,JDN-PC
VAI,Cnj,aa,nibaa,nibaa,1Sg,Dub,Neg,nibaasiiwaanen,<<nibaa>>siiwaanen,JDN-PC
VAI,Cnj,aa,nibaa,nibaa,1Sg,Dub,Pos,nibaawaanen,<<nibaa>>waanen,JDN-PC
VAI,Cnj,aa,nibaa,nibaa,1Sg,Dub+Prt,Neg,nibaasiiwaambaanen,<<nibaa>>siiwaambaanen,JDN-PC
VAI,Cnj,aa,nibaa,nibaa,1Sg,Dub+Prt,Pos,nibaawaambaanen,<<nibaa>>waambaanen,JDN-PC
VAI,Cnj,aa,nibaa,nibaa,1Sg,Neu,Neg,nibaasiwaan,<<nibaa>>siwaan,JDN-PC
VAI,Cnj,aa,nibaa,nibaa,1Sg,Neu,Pos,nibaayaan,<<nibaa>>yaan,JDN-PC
VAI,Cnj,aa,nibaa,nibaa,1Sg,Prt,Neg,nibaasiwaambaan,<<nibaa>>siwaambaan,JDN-PC
VAI,Cnj,aa,nibaa,nibaa,1Sg,Prt,Pos,nibaayaambaan,<<nibaa>>yaambaan,JDN-PC
VAI,Cnj,aa,nibaa,nibaa,2Pl,Dub,Neg,nibaasiiwegwen,<<nibaa>>siiwegwen,JDN-PC
VAI,Cnj,aa,nibaa,nibaa,2Pl,Dub,Pos,nibaawegwen,<<nibaa>>wegwen,JDN-PC
VAI,Cnj,aa,nibaa,nibaa,2Pl,Dub+Prt,Neg,nibaasiiwegibanen,<<nibaa>>siiwegibanen,JDN-PC
VAI,Cnj,aa,nibaa,nibaa,2Pl,Dub+Prt,Pos,nibaawegibanen,<<nibaa>>wegibanen,JDN-PC
VAI,Cnj,aa,nibaa,nibaa,2Pl,Neu,Neg,nibaasiweg,<<nibaa>>siweg,JDN-PC
VAI,Cnj,aa,nibaa,nibaa,2Pl,Neu,Pos,nibaayeg,<<nibaa>>yeg,JDN-PC
VAI,Cnj,aa,nibaa,nibaa,2Pl,Prt,Neg,nibaasiwegiban,<<nibaa>>siwegiban,JDN-PC
VAI,Cnj,aa,nibaa,nibaa,2Pl,Prt,Pos,nibaayegiban,<<nibaa>>yegiban,JDN-PC
VAI,Cnj,aa,nibaa,nibaa,2Sg,Dub,Neg,nibaasiiwanen,<<nibaa>>siiwanen,JDN-PC
VAI,Cnj,aa,nibaa,nibaa,2Sg,Dub,Pos,nibaawanen,<<nibaa>>wanen,JDN-PC
VAI,Cnj,aa,nibaa,nibaa,2Sg,Dub+Prt,Neg,nibaasiiwambanen,<<nibaa>>siiwambanen,JDN-PC
VAI,Cnj,aa,nibaa,nibaa,2Sg,Dub+Prt,Pos,nibaawambanen,<<nibaa>>wambanen,JDN-PC
VAI,Cnj,aa,nibaa,nibaa,2Sg,Neu,Neg,nibaasiwan ,<<nibaa>>siwan ,JDN-PC
VAI,Cnj,aa,nibaa,nibaa,2Sg,Neu,Pos,nibaayan  ,<<nibaa>>yan  ,JDN-PC
VAI,Cnj,aa,nibaa,nibaa,2Sg,Prt,Neg,nibaasiwamban,<<nibaa>>siwamban,JDN-PC
VAI,Cnj,aa,nibaa,nibaa,2Sg,Prt,Pos,nibaayamban,<<nibaa>>yamban,JDN-PC
VAI,Cnj,aa,nibaa,nibaa,3PlObv,Dub,Neg,nibaasiinigwen,<<nibaa>>siinigwen,JDN-PC
VAI,Cnj,aa,nibaa,nibaa,3PlObv,Dub,Pos,nibaanigwen,<<nibaa>>nigwen,JDN-PC
VAI,Cnj,aa,nibaa,nibaa,3PlObv,Dub+Prt,Neg,nibaasiinigobanen,<<nibaa>>siinigobanen,JDN-PC
VAI,Cnj,aa,nibaa,nibaa,3PlObv,Dub+Prt,Pos,nibaanigobanen,<<nibaa>>nigobanen,JDN-PC
VAI,Cnj,aa,nibaa,nibaa,3PlObv,Neu,Neg,nibaasinig,<<nibaa>>sinig,JDN-PC
VAI,Cnj,aa,nibaa,nibaa,3PlObv,Neu,Pos,nibaanid,<<nibaa>>nid,JDN-PC
VAI,Cnj,aa,nibaa,nibaa,3PlObv,Prt,Neg,nibaasinigoban,<<nibaa>>sinigoban,JDN-PC
VAI,Cnj,aa,nibaa,nibaa,3PlObv,Prt,Pos,nibaanipan,<<nibaa>>nipan,JDN-PC
VAI,Cnj,aa,nibaa,nibaa,3PlProx,Dub,Neg,nibaasiiwaagwen,<<nibaa>>siiwaagwen,JDN-PC
VAI,Cnj,aa,nibaa,nibaa,3PlProx,Dub,Pos,nibaawaagwen,<<nibaa>>waagwen,JDN-PC
VAI,Cnj,aa,nibaa,nibaa,3PlProx,Dub+Prt,Neg,nibaasiiwaagobanen,<<nibaa>>siiwaagobanen,JDN-PC
VAI,Cnj,aa,nibaa,nibaa,3PlProx,Dub+Prt,Pos,nibaawaagobanen,<<nibaa>>waagobanen,JDN-PC
VAI,Cnj,aa,nibaa,nibaa,3PlProx,Neu,Neg,nibaasigwaa,<<nibaa>>sigwaa,JDN-PC
VAI,Cnj,aa,nibaa,nibaa,3PlProx,Neu,Pos,nibaawaad,<<nibaa>>waad,JDN-PC
VAI,Cnj,aa,nibaa,nibaa,3PlProx,Prt,Neg,nibaasigwaaban,<<nibaa>>sigwaaban,JDN-PC
VAI,Cnj,aa,nibaa,nibaa,3PlProx,Prt,Pos,nibaawaapan,<<nibaa>>waapan,JDN-PC
VAI,Cnj,aa,nibaa,nibaa,3SgObv,Dub,Neg,nibaasiinigwen,<<nibaa>>siinigwen,JDN-PC
VAI,Cnj,aa,nibaa,nibaa,3SgObv,Dub,Pos,nibaanigwen,<<nibaa>>nigwen,JDN-PC
VAI,Cnj,aa,nibaa,nibaa,3SgObv,Dub+Prt,Neg,nibaasiinigobanen,<<nibaa>>siinigobanen,JDN-PC
VAI,Cnj,aa,nibaa,nibaa,3SgObv,Dub+Prt,Pos,nibaanigobanen,<<nibaa>>nigobanen,JDN-PC
VAI,Cnj,aa,nibaa,nibaa,3SgObv,Neu,Neg,nibaasinig,<<nibaa>>sinig,JDN-PC
VAI,Cnj,aa,nibaa,nibaa,3SgObv,Neu,Pos,nibaanid,<<nibaa>>nid,JDN-PC
VAI,Cnj,aa,nibaa,nibaa,3SgObv,Prt,Neg,nibaasinigoban,<<nibaa>>sinigoban,JDN-PC
VAI,Cnj,aa,nibaa,nibaa,3SgObv,Prt,Pos,nibaanipan,<<nibaa>>nipan,JDN-PC
VAI,Cnj,aa,nibaa,nibaa,3SgProx,Dub,Neg,nibaasiigwen,<<nibaa>>siigwen,JDN-PC
VAI,Cnj,aa,nibaa,nibaa,3SgProx,Dub,Pos,nibaagwen,<<nibaa>>gwen,JDN-PC
VAI,Cnj,aa,nibaa,nibaa,3SgProx,Dub+Prt,Neg,nibaasiigobanen,<<nibaa>>siigobanen,JDN-PC
VAI,Cnj,aa,nibaa,nibaa,3SgProx,Dub+Prt,Pos,nibaagobanen,<<nibaa>>gobanen,JDN-PC
VAI,Cnj,aa,nibaa,nibaa,3SgProx,Neu,Neg,nibaasig,<<nibaa>>sig,JDN-PC
VAI,Cnj,aa,nibaa,nibaa,3SgProx,Neu,Pos,nibaad,<<nibaa>>d,JDN-PC
VAI,Cnj,aa,nibaa,nibaa,3SgProx,Prt,Neg,nibaasigoban,<<nibaa>>sigoban,JDN-PC
VAI,Cnj,aa,nibaa,nibaa,3SgProx,Prt,Pos,nibaapan,<<nibaa>>pan,JDN-PC
VAI,Cnj,aa,nibaa,nibaa,Excl,Dub,Neg,nibaasiiwaangen,<<nibaa>>siiwaangen,JDN-PC
VAI,Cnj,aa,nibaa,nibaa,Excl,Dub,Pos,nibaawaangen,<<nibaa>>waangen,JDN-PC
VAI,Cnj,aa,nibaa,nibaa,Excl,Dub+Prt,Neg,nibaasiiwaangibanen,<<nibaa>>siiwaangibanen,JDN-PC
VAI,Cnj,aa,nibaa,nibaa,Excl,Dub+Prt,Pos,nibaawaangibanen,<<nibaa>>waangibanen,JDN-PC
VAI,Cnj,aa,nibaa,nibaa,Excl,Neu,Neg,nibaasiwaang,<<nibaa>>siwaang,JDN-PC
VAI,Cnj,aa,nibaa,nibaa,Excl,Neu,Pos,nibaayaang ,<<nibaa>>yaang ,JDN-PC
VAI,Cnj,aa,nibaa,nibaa,Excl,Prt,Neg,nibaasiwaangiban,<<nibaa>>siwaangiban,JDN-PC
VAI,Cnj,aa,nibaa,nibaa,Excl,Prt,Pos,nibaayaangiban,<<nibaa>>yaangiban,JDN-PC
VAI,Cnj,aa,nibaa,nibaa,Incl,Dub,Neg,nibaasiiwangen,<<nibaa>>siiwangen,JDN-PC
VAI,Cnj,aa,nibaa,nibaa,Incl,Dub,Pos,nibaawangen,<<nibaa>>wangen,JDN-PC
VAI,Cnj,aa,nibaa,nibaa,Incl,Dub+Prt,Neg,nibaasiiwangibanen,<<nibaa>>siiwangibanen,JDN-PC
VAI,Cnj,aa,nibaa,nibaa,Incl,Dub+Prt,Pos,nibaawangibanen,<<nibaa>>wangibanen,JDN-PC
VAI,Cnj,aa,nibaa,nibaa,Incl,Neu,Neg,nibaasiwang,<<nibaa>>siwang,JDN-PC
VAI,Cnj,aa,nibaa,nibaa,Incl,Neu,Pos,nibaayang ,<<nibaa>>yang ,JDN-PC
VAI,Cnj,aa,nibaa,nibaa,Incl,Prt,Neg,nibaasiwangiban,<<nibaa>>siwangiban,JDN-PC
VAI,Cnj,aa,nibaa,nibaa,Incl,Prt,Pos,nibaayangiban,<<nibaa>>yangiban,JDN-PC
VAI,Cnj,aa,nibaa,nibaa,X,Dub,Neg,nibaasiiwiingen,<<nibaa>>siiwiingen,JDN-PC
VAI,Cnj,aa,nibaa,nibaa,X,Dub,Pos,nibaawiingen,<<nibaa>>wiingen,JDN-PC
VAI,Cnj,aa,nibaa,nibaa,X,Dub+Prt,Neg,nibaasiiwiingibanen,<<nibaa>>siiwiingibanen,JDN-PC
VAI,Cnj,aa,nibaa,nibaa,X,Dub+Prt,Pos,nibaawiingibanen,<<nibaa>>wiingibanen,JDN-PC
VAI,Cnj,aa,nibaa,nibaa,X,Neu,Neg,nibaasing,<<nibaa>>sing,JDN-PC
VAI,Cnj,aa,nibaa,nibaa,X,Neu,Pos,nibaang,<<nibaa>>ng,JDN-PC
VAI,Cnj,aa,nibaa,nibaa,X,Prt,Neg,nibaasingiban,<<nibaa>>singiban,JDN-PC
VAI,Cnj,aa,nibaa,nibaa,X,Prt,Pos,nibaangiban,<<nibaa>>ngiban,JDN-PC
VAI,Cnj,i,niimi,niimi,1Sg,Dub,Neg,niimisiiwaanen,<<niimi>>siiwaanen,JDN-PC
VAI,Cnj,i,niimi,niimi,1Sg,Dub,Pos,niimiwaanen,<<niimi>>waanen,JDN-PC
VAI,Cnj,i,niimi,niimi,1Sg,Dub+Prt,Neg,niimisiiwaambaanen,<<niimi>>siiwaambaanen,JDN-PC
VAI,Cnj,i,niimi,niimi,1Sg,Dub+Prt,Pos,niimiwaambaanen,<<niimi>>waambaanen,JDN-PC
VAI,Cnj,i,niimi,niimi,1Sg,Neu,Neg,niimisiwaan,<<niimi>>siwaan,JDN-PC
VAI,Cnj,i,niimi,niimi,1Sg,Neu,Pos,niimiyaan,<<niimi>>yaan,JDN-PC
VAI,Cnj,i,niimi,niimi,1Sg,Prt,Neg,niimisiwaambaan,<<niimi>>siwaambaan,JDN-PC
VAI,Cnj,i,niimi,niimi,1Sg,Prt,Pos,niimiyaambaan,<<niimi>>yaambaan,JDN-PC
VAI,Cnj,i,niimi,niimi,2Pl,Dub,Neg,niimisiiwegwen,<<niimi>>siiwegwen,JDN-PC
VAI,Cnj,i,niimi,niimi,2Pl,Dub,Pos,niimiwegwen,<<niimi>>wegwen,JDN-PC
VAI,Cnj,i,niimi,niimi,2Pl,Dub+Prt,Neg,niimisiiwegibanen,<<niimi>>siiwegibanen,JDN-PC
VAI,Cnj,i,niimi,niimi,2Pl,Dub+Prt,Pos,niimiwegibanen,<<niimi>>wegibanen,JDN-PC
VAI,Cnj,i,niimi,niimi,2Pl,Neu,Neg,niimisiweg,<<niimi>>siweg,JDN-PC
VAI,Cnj,i,niimi,niimi,2Pl,Neu,Pos,niimiyeg,<<niimi>>yeg,JDN-PC
VAI,Cnj,i,niimi,niimi,2Pl,Prt,Neg,niimisiwegiban,<<niimi>>siwegiban,JDN-PC
VAI,Cnj,i,niimi,niimi,2Pl,Prt,Pos,niimiyegiban,<<niimi>>yegiban,JDN-PC
VAI,Cnj,i,niimi,niimi,2Sg,Dub,Neg,niimisiiwanen,<<niimi>>siiwanen,JDN-PC
VAI,Cnj,i,niimi,niimi,2Sg,Dub,Pos,niimiwanen,<<niimi>>wanen,JDN-PC
VAI,Cnj,i,niimi,niimi,2Sg,Dub+Prt,Neg,niimisiiwambanen,<<niimi>>siiwambanen,JDN-PC
VAI,Cnj,i,niimi,niimi,2Sg,Dub+Prt,Pos,niimiwambanen,<<niimi>>wambanen,JDN-PC
VAI,Cnj,i,niimi,niimi,2Sg,Neu,Neg,niimisiwan ,<<niimi>>siwan ,JDN-PC
VAI,Cnj,i,niimi,niimi,2Sg,Neu,Pos,niimiyan ,<<niimi>>yan ,JDN-PC
VAI,Cnj,i,niimi,niimi,2Sg,Prt,Neg,niimisiwamban,<<niimi>>siwamban,JDN-PC
VAI,Cnj,i,niimi,niimi,2Sg,Prt,Pos,niimiyamban,<<niimi>>yamban,JDN-PC
VAI,Cnj,i,niimi,niimi,3PlObv,Dub,Neg,niimisiinigwen,<<niimi>>siinigwen,JDN-PC
VAI,Cnj,i,niimi,niimi,3PlObv,Dub,Pos,niiminigwen,<<niimi>>nigwen,JDN-PC
VAI,Cnj,i,niimi,niimi,3PlObv,Dub+Prt,Neg,niimisiinigobanen,<<niimi>>siinigobanen,JDN-PC
VAI,Cnj,i,niimi,niimi,3PlObv,Dub+Prt,Pos,niiminigobanen,<<niimi>>nigobanen,JDN-PC
VAI,Cnj,i,niimi,niimi,3PlObv,Neu,Neg,niimisinig,<<niimi>>sinig,JDN-PC
VAI,Cnj,i,niimi,niimi,3PlObv,Neu,Pos,niiminid,<<niimi>>nid,JDN-PC
VAI,Cnj,i,niimi,niimi,3PlObv,Prt,Neg,niimisinigoban,<<niimi>>sinigoban,JDN-PC
VAI,Cnj,i,niimi,niimi,3PlObv,Prt,Pos,niiminipan,<<niimi>>nipan,JDN-PC
VAI,Cnj,i,niimi,niimi,3PlProx,Dub,Neg,niimisiiwaagwen,<<niimi>>siiwaagwen,JDN-PC
VAI,Cnj,i,niimi,niimi,3PlProx,Dub,Pos,niimiwaagwen,<<niimi>>waagwen,JDN-PC
VAI,Cnj,i,niimi,niimi,3PlProx,Dub+Prt,Neg,niimisiiwaagobanen,<<niimi>>siiwaagobanen,JDN-PC
VAI,Cnj,i,niimi,niimi,3PlProx,Dub+Prt,Pos,niimiwaagobanen,<<niimi>>waagobanen,JDN-PC
VAI,Cnj,i,niimi,niimi,3PlProx,Neu,Neg,niimisigwaa,<<niimi>>sigwaa,JDN-PC
VAI,Cnj,i,niimi,niimi,3PlProx,Neu,Pos,niimiwaad,<<niimi>>waad,JDN-PC
VAI,Cnj,i,niimi,niimi,3PlProx,Prt,Neg,niimisigwaaban,<<niimi>>sigwaaban,JDN-PC
VAI,Cnj,i,niimi,niimi,3PlProx,Prt,Pos,niimiwaapan,<<niimi>>waapan,JDN-PC
VAI,Cnj,i,niimi,niimi,3SgObv,Dub,Neg,niimisiinigwen,<<niimi>>siinigwen,JDN-PC
VAI,Cnj,i,niimi,niimi,3SgObv,Dub,Pos,niiminigwen,<<niimi>>nigwen,JDN-PC
VAI,Cnj,i,niimi,niimi,3SgObv,Dub+Prt,Neg,niimisiinigobanen,<<niimi>>siinigobanen,JDN-PC
VAI,Cnj,i,niimi,niimi,3SgObv,Dub+Prt,Pos,niiminigobanen,<<niimi>>nigobanen,JDN-PC
VAI,Cnj,i,niimi,niimi,3SgObv,Neu,Neg,niimisinig,<<niimi>>sinig,JDN-PC
VAI,Cnj,i,niimi,niimi,3SgObv,Neu,Pos,niiminid,<<niimi>>nid,JDN-PC
VAI,Cnj,i,niimi,niimi,3SgObv,Prt,Neg,niimisinigoban,<<niimi>>sinigoban,JDN-PC
VAI,Cnj,i,niimi,niimi,3SgObv,Prt,Pos,niiminipan,<<niimi>>nipan,JDN-PC
VAI,Cnj,i,niimi,niimi,3SgProx,Dub,Neg,niimisiigwen,<<niimi>>siigwen,JDN-PC
VAI,Cnj,i,niimi,niimi,3SgProx,Dub,Pos,niimigwen,<<niimi>>gwen,JDN-PC
VAI,Cnj,i,niimi,niimi,3SgProx,Dub+Prt,Neg,niimisiigobanen,<<niimi>>siigobanen,JDN-PC
VAI,Cnj,i,niimi,niimi,3SgProx,Dub+Prt,Pos,niimigobanen,<<niimi>>gobanen,JDN-PC
VAI,Cnj,i,niimi,niimi,3SgProx,Neu,Neg,niimisig,<<niimi>>sig,JDN-PC
VAI,Cnj,i,niimi,niimi,3SgProx,Neu,Pos,niimid,<<niimi>>d,JDN-PC
VAI,Cnj,i,niimi,niimi,3SgProx,Prt,Neg,niimisigoban,<<niimi>>sigoban,JDN-PC
VAI,Cnj,i,niimi,niimi,3SgProx,Prt,Pos,niimipan,<<niimi>>pan,JDN-PC
VAI,Cnj,i,niimi,niimi,Excl,Dub,Neg,niimisiiwaangen,<<niimi>>siiwaangen,JDN-PC
VAI,Cnj,i,niimi,niimi,Excl,Dub,Pos,niimiwaangen,<<niimi>>waangen,JDN-PC
VAI,Cnj,i,niimi,niimi,Excl,Dub+Prt,Neg,niimisiiwaangibanen,<<niimi>>siiwaangibanen,JDN-PC
VAI,Cnj,i,niimi,niimi,Excl,Dub+Prt,Pos,niimiwaangibanen,<<niimi>>waangibanen,JDN-PC
VAI,Cnj,i,niimi,niimi,Excl,Neu,Neg,niimisiwaang,<<niimi>>siwaang,JDN-PC
VAI,Cnj,i,niimi,niimi,Excl,Neu,Pos,niimiyaang,<<niimi>>yaang,JDN-PC
VAI,Cnj,i,niimi,niimi,Excl,Prt,Neg,niimisiwaangiban,<<niimi>>siwaangiban,JDN-PC
VAI,Cnj,i,niimi,niimi,Excl,Prt,Pos,niimiyaangiban,<<niimi>>yaangiban,JDN-PC
VAI,Cnj,i,niimi,niimi,Incl,Dub,Neg,niimisiiwangen,<<niimi>>siiwangen,JDN-PC
VAI,Cnj,i,niimi,niimi,Incl,Dub,Pos,niimiwangen,<<niimi>>wangen,JDN-PC
VAI,Cnj,i,niimi,niimi,Incl,Dub+Prt,Neg,niimisiiwangibanen,<<niimi>>siiwangibanen,JDN-PC
VAI,Cnj,i,niimi,niimi,Incl,Dub+Prt,Pos,niimiwangibanen,<<niimi>>wangibanen,JDN-PC
VAI,Cnj,i,niimi,niimi,Incl,Neu,Neg,niimisiwang,<<niimi>>siwang,JDN-PC
VAI,Cnj,i,niimi,niimi,Incl,Neu,Pos,niimiyang,<<niimi>>yang,JDN-PC
VAI,Cnj,i,niimi,niimi,Incl,Prt,Neg,niimisiwangiban,<<niimi>>siwangiban,JDN-PC
VAI,Cnj,i,niimi,niimi,Incl,Prt,Pos,niimiyangiban,<<niimi>>yangiban,JDN-PC
VAI,Cnj,i,niimi,niimi,X,Dub,Neg,niimisiiwiingen,<<niimi>>siiwiingen,JDN-PC
VAI,Cnj,i,niimi,niimi,X,Dub,Pos,niimiwiingen,<<niimi>>wiingen,JDN-PC
VAI,Cnj,i,niimi,niimi,X,Dub+Prt,Neg,niimisiiwiingibanen,<<niimi>>siiwiingibanen,JDN-PC
VAI,Cnj,i,niimi,niimi,X,Dub+Prt,Pos,niimiwiingibanen,<<niimi>>wiingibanen,JDN-PC
VAI,Cnj,i,niimi,niimi,X,Neu,Neg,niimising,<<niimi>>sing,JDN-PC
VAI,Cnj,i,niimi,niimi,X,Neu,Pos,niiming,<<niimi>>ng,JDN-PC
VAI,Cnj,i,niimi,niimi,X,Prt,Neg,niimisingiban,<<niimi>>singiban,JDN-PC
VAI,Cnj,i,niimi,niimi,X,Prt,Pos,niimingiban,<<niimi>>ngiban,JDN-PC
VAI,Cnj,n,wanishin,wanishin,1Sg,Dub,Neg,wanishinziiwaanen,<<wanishin>>ziiwaanen,JDN-PC
VAI,Cnj,n,wanishin,wanishin,1Sg,Dub,Pos,wanishinowaanen,<<wanishin>>owaanen,JDN-PC
VAI,Cnj,n,wanishin,wanishin,1Sg,Dub+Prt,Neg,wanishinziiwaambaanen,<<wanishin>>ziiwaambaanen,JDN-PC
VAI,Cnj,n,wanishin,wanishin,1Sg,Dub+Prt,Pos,wanishinowaambaanen,<<wanishin>>owaambaanen,JDN-PC
VAI,Cnj,n,wanishin,wanishin,1Sg,Neu,Neg,wanishinziwaan,<<wanishin>>ziwaan,JDN-PC
VAI,Cnj,n,wanishin,wanishin,1Sg,Neu,Pos,wanishinaan,<<wanishin>>aan,JDN-PC
VAI,Cnj,n,wanishin,wanishin,1Sg,Prt,Neg,wanishinziwaambaan,<<wanishin>>ziwaambaan,JDN-PC
VAI,Cnj,n,wanishin,wanishin,1Sg,Prt,Pos,wanishinaambaan,<<wanishin>>aambaan,JDN-PC
VAI,Cnj,n,wanishin,wanishin,2Pl,Dub,Neg,wanishinziiwegwen,<<wanishin>>ziiwegwen,JDN-PC
VAI,Cnj,n,wanishin,wanishin,2Pl,Dub,Pos,wanishinowegwen,<<wanishin>>owegwen,JDN-PC
VAI,Cnj,n,wanishin,wanishin,2Pl,Dub+Prt,Neg,wanishinziiwegibanen,<<wanishin>>ziiwegibanen,JDN-PC
VAI,Cnj,n,wanishin,wanishin,2Pl,Dub+Prt,Pos,wanishinowegibanen,<<wanishin>>owegibanen,JDN-PC
VAI,Cnj,n,wanishin,wanishin,2Pl,Neu,Neg,wanishinziweg,<<wanishin>>ziweg,JDN-PC
VAI,Cnj,n,wanishin,wanishin,2Pl,Neu,Pos,wanishineg,<<wanishin>>eg,JDN-PC
VAI,Cnj,n,wanishin,wanishin,2Pl,Prt,Neg,wanishinziwegiban,<<wanishin>>ziwegiban,JDN-PC
VAI,Cnj,n,wanishin,wanishin,2Pl,Prt,Pos,wanishinegiban,<<wanishin>>egiban,JDN-PC
VAI,Cnj,n,wanishin,wanishin,2Sg,Dub,Neg,wanishinziiwanen,<<wanishin>>ziiwanen,JDN-PC
VAI,Cnj,n,wanishin,wanishin,2Sg,Dub,Pos,wanishinowanen,<<wanishin>>owanen,JDN-PC
VAI,Cnj,n,wanishin,wanishin,2Sg,Dub+Prt,Neg,wanishinziiwambanen,<<wanishin>>ziiwambanen,JDN-PC
VAI,Cnj,n,wanishin,wanishin,2Sg,Dub+Prt,Pos,wanishinowambanen,<<wanishin>>owambanen,JDN-PC
VAI,Cnj,n,wanishin,wanishin,2Sg,Neu,Neg,wanishinziwan,<<wanishin>>ziwan,JDN-PC
VAI,Cnj,n,wanishin,wanishin,2Sg,Neu,Pos,wanishinan,<<wanishin>>an,JDN-PC
VAI,Cnj,n,wanishin,wanishin,2Sg,Prt,Neg,wanishinziwamban,<<wanishin>>ziwamban,JDN-PC
VAI,Cnj,n,wanishin,wanishin,2Sg,Prt,Pos,wanishinamban,<<wanishin>>amban,JDN-PC
VAI,Cnj,n,wanishin,wanishin,3PlObv,Dub,Neg,wanishinziinigwen,<<wanishin>>ziinigwen,JDN-PC
VAI,Cnj,n,wanishin,wanishin,3PlObv,Dub,Pos,wanishininigwen,<<wanishin>>inigwen,JDN-PC
VAI,Cnj,n,wanishin,wanishin,3PlObv,Dub+Prt,Neg,wanishinziinigobanen,<<wanishin>>ziinigobanen,JDN-PC
VAI,Cnj,n,wanishin,wanishin,3PlObv,Dub+Prt,Pos,wanishininigobanen,<<wanishin>>inigobanen,JDN-PC
VAI,Cnj,n,wanishin,wanishin,3PlObv,Neu,Neg,wanishinzinig,<<wanishin>>zinig,JDN-PC
VAI,Cnj,n,wanishin,wanishin,3PlObv,Neu,Pos,wanishininid,<<wanishin>>inid,JDN-PC
VAI,Cnj,n,wanishin,wanishin,3PlObv,Prt,Neg,wanishinzinigoban,<<wanishin>>zinigoban,JDN-PC
VAI,Cnj,n,wanishin,wanishin,3PlObv,Prt,Pos,wanishininipan,<<wanishin>>inipan,JDN-PC
VAI,Cnj,n,wanishin,wanishin,3PlProx,Dub,Neg,wanishinziiwaagwen,<<wanishin>>ziiwaagwen,JDN-PC
VAI,Cnj,n,wanishin,wanishin,3PlProx,Dub,Pos,wanishinowaagwen,<<wanishin>>owaagwen,JDN-PC
VAI,Cnj,n,wanishin,wanishin,3PlProx,Dub+Prt,Neg,wanishinziiwaagobanen,<<wanishin>>ziiwaagobanen,JDN-PC
VAI,Cnj,n,wanishin,wanishin,3PlProx,Dub+Prt,Pos,wanishinowaagobanen,<<wanishin>>owaagobanen,JDN-PC
VAI,Cnj,n,wanishin,wanishin,3PlProx,Neu,Neg,wanishinzigwaa,<<wanishin>>zigwaa,JDN-PC
VAI,Cnj,n,wanishin,wanishin,3PlProx,Neu,Pos,wanishinowaad,<<wanishin>>owaad,JDN-PC
VAI,Cnj,n,wanishin,wanishin,3PlProx,Prt,Neg,wanishinzigwaaban,<<wanishin>>zigwaaban,JDN-PC
VAI,Cnj,n,wanishin,wanishin,3PlProx,Prt,Pos,wanishinowaapan,<<wanishin>>owaapan,JDN-PC
VAI,Cnj,n,wanishin,wanishin,3SgObv,Dub,Neg,wanishinziinigwen,<<wanishin>>ziinigwen,JDN-PC
VAI,Cnj,n,wanishin,wanishin,3SgObv,Dub,Pos,wanishininigwen,<<wanishin>>inigwen,JDN-PC
VAI,Cnj,n,wanishin,wanishin,3SgObv,Dub+Prt,Neg,wanishinziinigobanen,<<wanishin>>ziinigobanen,JDN-PC
VAI,Cnj,n,wanishin,wanishin,3SgObv,Dub+Prt,Pos,wanishininigobanen,<<wanishin>>inigobanen,JDN-PC
VAI,Cnj,n,wanishin,wanishin,3SgObv,Neu,Neg,wanishinzinig,<<wanishin>>zinig,JDN-PC
VAI,Cnj,n,wanishin,wanishin,3SgObv,Neu,Pos,wanishininid,<<wanishin>>inid,JDN-PC
VAI,Cnj,n,wanishin,wanishin,3SgObv,Prt,Neg,wanishinzinigoban,<<wanishin>>zinigoban,JDN-PC
VAI,Cnj,n,wanishin,wanishin,3SgObv,Prt,Pos,wanishininipan,<<wanishin>>inipan,JDN-PC
VAI,Cnj,n,wanishin,wanishin,3SgProx,Dub,Neg,wanishinziigwen,<<wanishin>>ziigwen,JDN-PC
VAI,Cnj,n,wanishin,wanishin,3SgProx,Dub,Pos,wanishinogwen,<<wanishin>>ogwen,JDN-PC
VAI,Cnj,n,wanishin,wanishin,3SgProx,Dub+Prt,Neg,wanishinziigobanen,<<wanishin>>ziigobanen,JDN-PC
VAI,Cnj,n,wanishin,wanishin,3SgProx,Dub+Prt,Pos,wanishinogobanen,<<wanishin>>ogobanen,JDN-PC
VAI,Cnj,n,wanishin,wanishin,3SgProx,Neu,Neg,wanishinzig,<<wanishin>>zig,JDN-PC
VAI,Cnj,n,wanishin,wanishin,3SgProx,Neu,Pos,wanishing,<<wanishin>>g,JDN-PC
VAI,Cnj,n,wanishin,wanishin,3SgProx,Prt,Neg,wanishinzigoban,<<wanishin>>zigoban,JDN-PC
VAI,Cnj,n,wanishin,wanishin,3SgProx,Prt,Pos,wanishingiban,<<wanishin>>giban,JDN-PC
VAI,Cnj,n,wanishin,wanishin,Excl,Dub,Neg,wanishinziiwaangen,<<wanishin>>ziiwaangen,JDN-PC
VAI,Cnj,n,wanishin,wanishin,Excl,Dub,Pos,wanishinowaangen,<<wanishin>>owaangen,JDN-PC
VAI,Cnj,n,wanishin,wanishin,Excl,Dub+Prt,Neg,wanishinziiwaangibanen,<<wanishin>>ziiwaangibanen,JDN-PC
VAI,Cnj,n,wanishin,wanishin,Excl,Dub+Prt,Pos,wanishinowaangibanen,<<wanishin>>owaangibanen,JDN-PC
VAI,Cnj,n,wanishin,wanishin,Excl,Neu,Neg,wanishinziwaang,<<wanishin>>ziwaang,JDN-PC
VAI,Cnj,n,wanishin,wanishin,Excl,Neu,Pos,wanishinaang,<<wanishin>>aang,JDN-PC
VAI,Cnj,n,wanishin,wanishin,Excl,Prt,Neg,wanishinziwaangiban,<<wanishin>>ziwaangiban,JDN-PC
VAI,Cnj,n,wanishin,wanishin,Excl,Prt,Pos,wanishinaangiban,<<wanishin>>aangiban,JDN-PC
VAI,Cnj,n,wanishin,wanishin,Incl,Dub,Neg,wanishinziiwangen,<<wanishin>>ziiwangen,JDN-PC
VAI,Cnj,n,wanishin,wanishin,Incl,Dub,Pos,wanishinowangen,<<wanishin>>owangen,JDN-PC
VAI,Cnj,n,wanishin,wanishin,Incl,Dub+Prt,Neg,wanishinziiwangibanen,<<wanishin>>ziiwangibanen,JDN-PC
VAI,Cnj,n,wanishin,wanishin,Incl,Dub+Prt,Pos,wanishinowangibanen,<<wanishin>>owangibanen,JDN-PC
VAI,Cnj,n,wanishin,wanishin,Incl,Neu,Neg,wanishinziwang,<<wanishin>>ziwang,JDN-PC
VAI,Cnj,n,wanishin,wanishin,Incl,Neu,Pos,wanishinang,<<wanishin>>ang,JDN-PC
VAI,Cnj,n,wanishin,wanishin,Incl,Prt,Neg,wanishinziwangiban,<<wanishin>>ziwangiban,JDN-PC
VAI,Cnj,n,wanishin,wanishin,Incl,Prt,Pos,wanishinangiban,<<wanishin>>angiban,JDN-PC
VAI,Cnj,n,wanishin,wanishin,X,Dub,Neg,wanishinziiwiingen,<<wanishin>>ziiwiingen,JDN-PC
VAI,Cnj,n,wanishin,wanishin,X,Dub,Pos,wanishinowiingen,<<wanishin>>owiingen,JDN-PC
VAI,Cnj,n,wanishin,wanishin,X,Dub+Prt,Neg,wanishinziiwiingibanen,<<wanishin>>ziiwiingibanen,JDN-PC
VAI,Cnj,n,wanishin,wanishin,X,Dub+Prt,Pos,wanishinowiingibanen,<<wanishin>>owiingibanen,JDN-PC
VAI,Cnj,n,wanishin,wanishin,X,Neu,Neg,wanishinzing,<<wanishin>>zing,JDN-PC
VAI,Cnj,n,wanishin,wanishin,X,Neu,Pos,wanishining,<<wanishin>>ing,JDN-PC
VAI,Cnj,n,wanishin,wanishin,X,Prt,Neg,wanishinzingiban,<<wanishin>>zingiban,JDN-PC
VAI,Cnj,n,wanishin,wanishin,X,Prt,Pos,wanishiningiban,<<wanishin>>ingiban,JDN-PC
VAI,Cnj,e,webinige,webinige,1Sg,Dub,Neg,webinigesiiwaanen,<<webinige>>siiwaanen,JDN-PC
VAI,Cnj,e,webinige,webinige,1Sg,Dub,Pos,webinigewaanen,<<webinige>>waanen,JDN-PC
VAI,Cnj,e,webinige,webinige,1Sg,Dub+Prt,Neg,webinigesiiwaambaanen,<<webinige>>siiwaambaanen,JDN-PC
VAI,Cnj,e,webinige,webinige,1Sg,Dub+Prt,Pos,webinigewaambaanen,<<webinige>>waambaanen,JDN-PC
VAI,Cnj,e,webinige,webinige,1Sg,Neu,Neg,webinigesiwaan,<<webinige>>siwaan,JDN-PC
VAI,Cnj,e,webinige,webinige,1Sg,Neu,Pos,webinigeyaan,<<webinige>>yaan,JDN-PC
VAI,Cnj,e,webinige,webinige,1Sg,Prt,Neg,webinigesiwaambaan,<<webinige>>siwaambaan,JDN-PC
VAI,Cnj,e,webinige,webinige,1Sg,Prt,Pos,webinigeyaambaan,<<webinige>>yaambaan,JDN-PC
VAI,Cnj,e,webinige,webinige,2Pl,Dub,Neg,webinigesiiwegwen,<<webinige>>siiwegwen,JDN-PC
VAI,Cnj,e,webinige,webinige,2Pl,Dub,Pos,webinigewegwen,<<webinige>>wegwen,JDN-PC
VAI,Cnj,e,webinige,webinige,2Pl,Dub+Prt,Neg,webinigesiiwegibanen,<<webinige>>siiwegibanen,JDN-PC
VAI,Cnj,e,webinige,webinige,2Pl,Dub+Prt,Pos,webinigewegibanen,<<webinige>>wegibanen,JDN-PC
VAI,Cnj,e,webinige,webinige,2Pl,Neu,Neg,webinigesiweg,<<webinige>>siweg,JDN-PC
VAI,Cnj,e,webinige,webinige,2Pl,Neu,Pos,webinigeyeg,<<webinige>>yeg,JDN-PC
VAI,Cnj,e,webinige,webinige,2Pl,Prt,Neg,webinigesiwegiban,<<webinige>>siwegiban,JDN-PC
VAI,Cnj,e,webinige,webinige,2Pl,Prt,Pos,webinigeyegiban,<<webinige>>yegiban,JDN-PC
VAI,Cnj,e,webinige,webinige,2Sg,Dub,Neg,webinigesiiwanen,<<webinige>>siiwanen,JDN-PC
VAI,Cnj,e,webinige,webinige,2Sg,Dub,Pos,webinigewanen,<<webinige>>wanen,JDN-PC
VAI,Cnj,e,webinige,webinige,2Sg,Dub+Prt,Neg,webinigesiiwambanen,<<webinige>>siiwambanen,JDN-PC
VAI,Cnj,e,webinige,webinige,2Sg,Dub+Prt,Pos,webinigewambanen,<<webinige>>wambanen,JDN-PC
VAI,Cnj,e,webinige,webinige,2Sg,Neu,Neg,webinigesiwan ,<<webinige>>siwan ,JDN-PC
VAI,Cnj,e,webinige,webinige,2Sg,Neu,Pos,webinigeyan ,<<webinige>>yan ,JDN-PC
VAI,Cnj,e,webinige,webinige,2Sg,Prt,Neg,webinigesiwamban,<<webinige>>siwamban,JDN-PC
VAI,Cnj,e,webinige,webinige,2Sg,Prt,Pos,webinigeyamban,<<webinige>>yamban,JDN-PC
VAI,Cnj,e,webinige,webinige,3PlObv,Dub,Neg,webinigesiinigwen,<<webinige>>siinigwen,JDN-PC
VAI,Cnj,e,webinige,webinige,3PlObv,Dub,Pos,webinigenigwen,<<webinige>>nigwen,JDN-PC
VAI,Cnj,e,webinige,webinige,3PlObv,Dub+Prt,Neg,webinigesiinigobanen,<<webinige>>siinigobanen,JDN-PC
VAI,Cnj,e,webinige,webinige,3PlObv,Dub+Prt,Pos,webinigenigobanen,<<webinige>>nigobanen,JDN-PC
VAI,Cnj,e,webinige,webinige,3PlObv,Neu,Neg,webinigesinig,<<webinige>>sinig,JDN-PC
VAI,Cnj,e,webinige,webinige,3PlObv,Neu,Pos,webinigenid,<<webinige>>nid,JDN-PC
VAI,Cnj,e,webinige,webinige,3PlObv,Prt,Neg,webinigesinigoban,<<webinige>>sinigoban,JDN-PC
VAI,Cnj,e,webinige,webinige,3PlObv,Prt,Pos,webinigenipan,<<webinige>>nipan,JDN-PC
VAI,Cnj,e,webinige,webinige,3PlProx,Dub,Neg,webinigesiiwaagwen,<<webinige>>siiwaagwen,JDN-PC
VAI,Cnj,e,webinige,webinige,3PlProx,Dub,Pos,webinigewaagwen,<<webinige>>waagwen,JDN-PC
VAI,Cnj,e,webinige,webinige,3PlProx,Dub+Prt,Neg,webinigesiiwaagobanen,<<webinige>>siiwaagobanen,JDN-PC
VAI,Cnj,e,webinige,webinige,3PlProx,Dub+Prt,Pos,webinigewaagobanen,<<webinige>>waagobanen,JDN-PC
VAI,Cnj,e,webinige,webinige,3PlProx,Neu,Neg,webinigesigwaa,<<webinige>>sigwaa,JDN-PC
VAI,Cnj,e,webinige,webinige,3PlProx,Neu,Pos,webinigewaad,<<webinige>>waad,JDN-PC
VAI,Cnj,e,webinige,webinige,3PlProx,Prt,Neg,webinigesigwaaban,<<webinige>>sigwaaban,JDN-PC
VAI,Cnj,e,webinige,webinige,3PlProx,Prt,Pos,webinigewaapan,<<webinige>>waapan,JDN-PC
VAI,Cnj,e,webinige,webinige,3SgObv,Dub,Neg,webinigesiinigwen,<<webinige>>siinigwen,JDN-PC
VAI,Cnj,e,webinige,webinige,3SgObv,Dub,Pos,webinigenigwen,<<webinige>>nigwen,JDN-PC
VAI,Cnj,e,webinige,webinige,3SgObv,Dub+Prt,Neg,webinigesiinigobanen,<<webinige>>siinigobanen,JDN-PC
VAI,Cnj,e,webinige,webinige,3SgObv,Dub+Prt,Pos,webinigenigobanen,<<webinige>>nigobanen,JDN-PC
VAI,Cnj,e,webinige,webinige,3SgObv,Neu,Neg,webinigesinig,<<webinige>>sinig,JDN-PC
VAI,Cnj,e,webinige,webinige,3SgObv,Neu,Pos,webinigenid,<<webinige>>nid,JDN-PC
VAI,Cnj,e,webinige,webinige,3SgObv,Prt,Neg,webinigesinigoban,<<webinige>>sinigoban,JDN-PC
VAI,Cnj,e,webinige,webinige,3SgObv,Prt,Pos,webinigenipan,<<webinige>>nipan,JDN-PC
VAI,Cnj,e,webinige,webinige,3SgProx,Dub,Neg,webinigesiigwen,<<webinige>>siigwen,JDN-PC
VAI,Cnj,e,webinige,webinige,3SgProx,Dub,Pos,webinigegwen,<<webinige>>gwen,JDN-PC
VAI,Cnj,e,webinige,webinige,3SgProx,Dub+Prt,Neg,webinigesiigobanen,<<webinige>>siigobanen,JDN-PC
VAI,Cnj,e,webinige,webinige,3SgProx,Dub+Prt,Pos,webinigegobanen,<<webinige>>gobanen,JDN-PC
VAI,Cnj,e,webinige,webinige,3SgProx,Neu,Neg,webinigesig,<<webinige>>sig,JDN-PC
VAI,Cnj,e,webinige,webinige,3SgProx,Neu,Pos,webiniged,<<webinige>>d,JDN-PC
VAI,Cnj,e,webinige,webinige,3SgProx,Prt,Neg,webinigesigoban,<<webinige>>sigoban,JDN-PC
VAI,Cnj,e,webinige,webinige,3SgProx,Prt,Pos,webinigepan,<<webinige>>pan,JDN-PC
VAI,Cnj,e,webinige,webinige,Excl,Dub,Neg,webinigesiiwaangen,<<webinige>>siiwaangen,JDN-PC
VAI,Cnj,e,webinige,webinige,Excl,Dub,Pos,webinigewaangen,<<webinige>>waangen,JDN-PC
VAI,Cnj,e,webinige,webinige,Excl,Dub+Prt,Neg,webinigesiiwaangibanen,<<webinige>>siiwaangibanen,JDN-PC
VAI,Cnj,e,webinige,webinige,Excl,Dub+Prt,Pos,webinigewaangibanen,<<webinige>>waangibanen,JDN-PC
VAI,Cnj,e,webinige,webinige,Excl,Neu,Neg,webinigesiwaang,<<webinige>>siwaang,JDN-PC
VAI,Cnj,e,webinige,webinige,Excl,Neu,Pos,webinigeyaang,<<webinige>>yaang,JDN-PC
VAI,Cnj,e,webinige,webinige,Excl,Prt,Neg,webinigesiwaangiban,<<webinige>>siwaangiban,JDN-PC
VAI,Cnj,e,webinige,webinige,Excl,Prt,Pos,webinigeyaangiban,<<webinige>>yaangiban,JDN-PC
VAI,Cnj,e,webinige,webinige,Incl,Dub,Neg,webinigesiiwangen,<<webinige>>siiwangen,JDN-PC
VAI,Cnj,e,webinige,webinige,Incl,Dub,Pos,webinigewangen,<<webinige>>wangen,JDN-PC
VAI,Cnj,e,webinige,webinige,Incl,Dub+Prt,Neg,webinigesiiwangibanen,<<webinige>>siiwangibanen,JDN-PC
VAI,Cnj,e,webinige,webinige,Incl,Dub+Prt,Pos,webinigewangibanen,<<webinige>>wangibanen,JDN-PC
VAI,Cnj,e,webinige,webinige,Incl,Neu,Neg,webinigesiwang,<<webinige>>siwang,JDN-PC
VAI,Cnj,e,webinige,webinige,Incl,Neu,Pos,webinigeyang,<<webinige>>yang,JDN-PC
VAI,Cnj,e,webinige,webinige,Incl,Prt,Neg,webinigesiwangiban,<<webinige>>siwangiban,JDN-PC
VAI,Cnj,e,webinige,webinige,Incl,Prt,Pos,webinigeyangiban,<<webinige>>yangiban,JDN-PC
VAI,Cnj,e,webinige,webinige,X,Dub,Neg,webinigesiiwiingen,<<webinige>>siiwiingen,JDN-PC
VAI,Cnj,e,webinige,webinige,X,Dub,Pos,webinigewiingen,<<webinige>>wiingen,JDN-PC
VAI,Cnj,e,webinige,webinige,X,Dub+Prt,Neg,webinigesiiwiingibanen,<<webinige>>siiwiingibanen,JDN-PC
VAI,Cnj,e,webinige,webinige,X,Dub+Prt,Pos,webinigewiingibanen,<<webinige>>wiingibanen,JDN-PC
VAI,Cnj,e,webinige,webinige,X,Neu,Neg,webinigesing,<<webinige>>sing,JDN-PC
VAI,Cnj,e,webinige,webinige,X,Neu,Pos,webinigeng,<<webinige>>ng,JDN-PC
VAI,Cnj,e,webinige,webinige,X,Prt,Neg,webinigesingiban,<<webinige>>singiban,JDN-PC
VAI,Cnj,e,webinige,webinige,X,Prt,Pos,webinigengiban,<<webinige>>ngiban,JDN-PC
VAI,Cnj,am,zaaga'am,zaaga',1Sg,Dub,Neg,zaaga'anziiwaanen,<<zaaga'>>anziiwaanen,JDN-PC
VAI,Cnj,am,zaaga'am,zaaga',1Sg,Dub,Pos,zaaga'amowaanen,<<zaaga'>>amowaanen,JDN-PC
VAI,Cnj,am,zaaga'am,zaaga',1Sg,Dub+Prt,Neg,zaaga'amowaambaanen,<<zaaga'>>amowaambaanen,JDN-PC
VAI,Cnj,am,zaaga'am,zaaga',1Sg,Dub+Prt,Pos,zaaga'amowaambaanen,<<zaaga'>>amowaambaanen,JDN-PC
VAI,Cnj,am,zaaga'am,zaaga',1Sg,Neu,Neg,zaaga'anziwaan,<<zaaga'>>anziwaan,JDN-PC
VAI,Cnj,am,zaaga'am,zaaga',1Sg,Neu,Pos,zaaga'amaan,<<zaaga'>>amaan,JDN-PC
VAI,Cnj,am,zaaga'am,zaaga',1Sg,Prt,Neg,zaaga'anziwaambaan,<<zaaga'>>anziwaambaan,JDN-PC
VAI,Cnj,am,zaaga'am,zaaga',1Sg,Prt,Pos,zaaga'amaambaan,<<zaaga'>>amaambaan,JDN-PC
VAI,Cnj,am,zaaga'am,zaaga',2Pl,Dub,Neg,zaaga'anziiwegwen,<<zaaga'>>anziiwegwen,JDN-PC
VAI,Cnj,am,zaaga'am,zaaga',2Pl,Dub,Pos,zaaga'amowegwen,<<zaaga'>>amowegwen,JDN-PC
VAI,Cnj,am,zaaga'am,zaaga',2Pl,Dub+Prt,Neg,zaaga'amowegibanen,<<zaaga'>>amowegibanen,JDN-PC
VAI,Cnj,am,zaaga'am,zaaga',2Pl,Dub+Prt,Pos,zaaga'amowegibanen,<<zaaga'>>amowegibanen,JDN-PC
VAI,Cnj,am,zaaga'am,zaaga',2Pl,Neu,Neg,zaaga'anziweg,<<zaaga'>>anziweg,JDN-PC
VAI,Cnj,am,zaaga'am,zaaga',2Pl,Neu,Pos,zaaga'ameg,<<zaaga'>>ameg,JDN-PC
VAI,Cnj,am,zaaga'am,zaaga',2Pl,Prt,Neg,zaaga'anziwegiban,<<zaaga'>>anziwegiban,JDN-PC
VAI,Cnj,am,zaaga'am,zaaga',2Pl,Prt,Pos,zaaga'amegiban,<<zaaga'>>amegiban,JDN-PC
VAI,Cnj,am,zaaga'am,zaaga',2Sg,Dub,Neg,zaaga'anziiwanen,<<zaaga'>>anziiwanen,JDN-PC
VAI,Cnj,am,zaaga'am,zaaga',2Sg,Dub,Pos,zaaga'amowanen,<<zaaga'>>amowanen,JDN-PC
VAI,Cnj,am,zaaga'am,zaaga',2Sg,Dub+Prt,Neg,zaaga'amowambanen,<<zaaga'>>amowambanen,JDN-PC
VAI,Cnj,am,zaaga'am,zaaga',2Sg,Dub+Prt,Pos,zaaga'amowambanen,<<zaaga'>>amowambanen,JDN-PC
VAI,Cnj,am,zaaga'am,zaaga',2Sg,Neu,Neg,zaaga'anziwan,<<zaaga'>>anziwan,JDN-PC
VAI,Cnj,am,zaaga'am,zaaga',2Sg,Neu,Pos,zaaga'aman,<<zaaga'>>aman,JDN-PC
VAI,Cnj,am,zaaga'am,zaaga',2Sg,Prt,Neg,zaaga'anziwamban,<<zaaga'>>anziwamban,JDN-PC
VAI,Cnj,am,zaaga'am,zaaga',2Sg,Prt,Pos,zaaga'amamban,<<zaaga'>>amamban,JDN-PC
VAI,Cnj,am,zaaga'am,zaaga',3PlObv,Dub,Neg,zaaga'anziinigwen,<<zaaga'>>anziinigwen,JDN-PC
VAI,Cnj,am,zaaga'am,zaaga',3PlObv,Dub,Pos,zaaga'aminigwen,<<zaaga'>>aminigwen,JDN-PC
VAI,Cnj,am,zaaga'am,zaaga',3PlObv,Dub+Prt,Neg,zaaga'aminigobanen,<<zaaga'>>aminigobanen,JDN-PC
VAI,Cnj,am,zaaga'am,zaaga',3PlObv,Dub+Prt,Pos,zaaga'aminigobanen,<<zaaga'>>aminigobanen,JDN-PC
VAI,Cnj,am,zaaga'am,zaaga',3PlObv,Neu,Neg,zaaga'anzinig,<<zaaga'>>anzinig,JDN-PC
VAI,Cnj,am,zaaga'am,zaaga',3PlObv,Neu,Pos,zaaga'aminid,<<zaaga'>>aminid,JDN-PC
VAI,Cnj,am,zaaga'am,zaaga',3PlObv,Prt,Neg,zaaga'anzinigoban,<<zaaga'>>anzinigoban,JDN-PC
VAI,Cnj,am,zaaga'am,zaaga',3PlObv,Prt,Pos,zaaga'aminipan,<<zaaga'>>aminipan,JDN-PC
VAI,Cnj,am,zaaga'am,zaaga',3PlProx,Dub,Neg,zaaga'anziiwaagwen,<<zaaga'>>anziiwaagwen,JDN-PC
VAI,Cnj,am,zaaga'am,zaaga',3PlProx,Dub,Pos,zaaga'amowaagwen,<<zaaga'>>amowaagwen,JDN-PC
VAI,Cnj,am,zaaga'am,zaaga',3PlProx,Dub+Prt,Neg,zaaga'amowaagobanen,<<zaaga'>>amowaagobanen,JDN-PC
VAI,Cnj,am,zaaga'am,zaaga',3PlProx,Dub+Prt,Pos,zaaga'amowaagobanen,<<zaaga'>>amowaagobanen,JDN-PC
VAI,Cnj,am,zaaga'am,zaaga',3PlProx,Neu,Neg,zaaga'anzigwaa,<<zaaga'>>anzigwaa,JDN-PC
VAI,Cnj,am,zaaga'am,zaaga',3PlProx,Neu,Pos,zaaga'amowaan,<<zaaga'>>amowaan,JDN-PC
VAI,Cnj,am,zaaga'am,zaaga',3PlProx,Prt,Neg,zaaga'anzigwaaban,<<zaaga'>>anzigwaaban,JDN-PC
VAI,Cnj,am,zaaga'am,zaaga',3PlProx,Prt,Pos,zaaga'amowaapan,<<zaaga'>>amowaapan,JDN-PC
VAI,Cnj,am,zaaga'am,zaaga',3SgObv,Dub,Neg,zaaga'anziinigwen,<<zaaga'>>anziinigwen,JDN-PC
VAI,Cnj,am,zaaga'am,zaaga',3SgObv,Dub,Pos,zaaga'aminigwen,<<zaaga'>>aminigwen,JDN-PC
VAI,Cnj,am,zaaga'am,zaaga',3SgObv,Dub+Prt,Neg,zaaga'aminigobanen,<<zaaga'>>aminigobanen,JDN-PC
VAI,Cnj,am,zaaga'am,zaaga',3SgObv,Dub+Prt,Pos,zaaga'aminigobanen,<<zaaga'>>aminigobanen,JDN-PC
VAI,Cnj,am,zaaga'am,zaaga',3SgObv,Neu,Neg,zaaga'anzinig,<<zaaga'>>anzinig,JDN-PC
VAI,Cnj,am,zaaga'am,zaaga',3SgObv,Neu,Pos,zaaga'aminid,<<zaaga'>>aminid,JDN-PC
VAI,Cnj,am,zaaga'am,zaaga',3SgObv,Prt,Neg,zaaga'anzinigoban,<<zaaga'>>anzinigoban,JDN-PC
VAI,Cnj,am,zaaga'am,zaaga',3SgObv,Prt,Pos,zaaga'aminipan,<<zaaga'>>aminipan,JDN-PC
VAI,Cnj,am,zaaga'am,zaaga',3SgProx,Dub,Neg,zaaga'anziigwen,<<zaaga'>>anziigwen,JDN-PC
VAI,Cnj,am,zaaga'am,zaaga',3SgProx,Dub,Pos,zaaga'amogwen,<<zaaga'>>amogwen,JDN-PC
VAI,Cnj,am,zaaga'am,zaaga',3SgProx,Dub+Prt,Neg,zaaga'amogobanen,<<zaaga'>>amogobanen,JDN-PC
VAI,Cnj,am,zaaga'am,zaaga',3SgProx,Dub+Prt,Pos,zaaga'amogobanen,<<zaaga'>>amogobanen,JDN-PC
VAI,Cnj,am,zaaga'am,zaaga',3SgProx,Neu,Neg,zaaga'anzig,<<zaaga'>>anzig,JDN-PC
VAI,Cnj,am,zaaga'am,zaaga',3SgProx,Neu,Pos,zaaga'ang,<<zaaga'>>ang,JDN-PC
VAI,Cnj,am,zaaga'am,zaaga',3SgProx,Prt,Neg,zaaga'anzigoban,<<zaaga'>>anzigoban,JDN-PC
VAI,Cnj,am,zaaga'am,zaaga',3SgProx,Prt,Pos,zaaga'angiban,<<zaaga'>>angiban,JDN-PC
VAI,Cnj,am,zaaga'am,zaaga',Excl,Dub,Neg,zaaga'anziiwaangen,<<zaaga'>>anziiwaangen,JDN-PC
VAI,Cnj,am,zaaga'am,zaaga',Excl,Dub,Pos,zaaga'amowaangen,<<zaaga'>>amowaangen,JDN-PC
VAI,Cnj,am,zaaga'am,zaaga',Excl,Dub+Prt,Neg,zaaga'amowaangibanen,<<zaaga'>>amowaangibanen,JDN-PC
VAI,Cnj,am,zaaga'am,zaaga',Excl,Dub+Prt,Pos,zaaga'amowaangibanen,<<zaaga'>>amowaangibanen,JDN-PC
VAI,Cnj,am,zaaga'am,zaaga',Excl,Neu,Neg,zaaga'anziwaang,<<zaaga'>>anziwaang,JDN-PC
VAI,Cnj,am,zaaga'am,zaaga',Excl,Neu,Pos,zaaga'amaang,<<zaaga'>>amaang,JDN-PC
VAI,Cnj,am,zaaga'am,zaaga',Excl,Prt,Neg,zaaga'anziwaangiban,<<zaaga'>>anziwaangiban,JDN-PC
VAI,Cnj,am,zaaga'am,zaaga',Excl,Prt,Pos,zaaga'amaangiban,<<zaaga'>>amaangiban,JDN-PC
VAI,Cnj,am,zaaga'am,zaaga',Incl,Dub,Neg,zaaga'anziiwangen,<<zaaga'>>anziiwangen,JDN-PC
VAI,Cnj,am,zaaga'am,zaaga',Incl,Dub,Pos,zaaga'amowangen,<<zaaga'>>amowangen,JDN-PC
VAI,Cnj,am,zaaga'am,zaaga',Incl,Dub+Prt,Neg,zaaga'amowangibanen,<<zaaga'>>amowangibanen,JDN-PC
VAI,Cnj,am,zaaga'am,zaaga',Incl,Dub+Prt,Pos,zaaga'amowangibanen,<<zaaga'>>amowangibanen,JDN-PC
VAI,Cnj,am,zaaga'am,zaaga',Incl,Neu,Neg,zaaga'anziwang,<<zaaga'>>anziwang,JDN-PC
VAI,Cnj,am,zaaga'am,zaaga',Incl,Neu,Pos,zaaga'amang,<<zaaga'>>amang,JDN-PC
VAI,Cnj,am,zaaga'am,zaaga',Incl,Prt,Neg,zaaga'anziwangiban,<<zaaga'>>anziwangiban,JDN-PC
VAI,Cnj,am,zaaga'am,zaaga',Incl,Prt,Pos,zaaga'amangiban,<<zaaga'>>amangiban,JDN-PC
VAI,Cnj,am,zaaga'am,zaaga',X,Dub,Neg,zaaga'anziiwiingen,<<zaaga'>>anziiwiingen,JDN-PC
VAI,Cnj,am,zaaga'am,zaaga',X,Dub,Pos,zaaga'amowiingen,<<zaaga'>>amowiingen,JDN-PC
VAI,Cnj,am,zaaga'am,zaaga',X,Dub+Prt,Neg,zaaga'amowiingibanen,<<zaaga'>>amowiingibanen,JDN-PC
VAI,Cnj,am,zaaga'am,zaaga',X,Dub+Prt,Pos,zaaga'amowiingibanen,<<zaaga'>>amowiingibanen,JDN-PC
VAI,Cnj,am,zaaga'am,zaaga',X,Neu,Neg,zaaga'anzing,<<zaaga'>>anzing,JDN-PC
VAI,Cnj,am,zaaga'am,zaaga',X,Neu,Pos,zaaga'aming,<<zaaga'>>aming,JDN-PC
VAI,Cnj,am,zaaga'am,zaaga',X,Prt,Neg,zaaga'anzingiban,<<zaaga'>>anzingiban,JDN-PC
VAI,Cnj,am,zaaga'am,zaaga',X,Prt,Pos,zaaga'amingiban,<<zaaga'>>amingiban,JDN-PC