Paradigm,Order,Class,Lemma,Stem,Subject,Mode,Negation,Form1Surface,Form1Split,Form2Surface,Form2Split,Form3Surface,Form3Split,Form4Surface,Form4Split,Source,Guess
VAI,Ind,aa,nibaa,nibaa,1Sg,Dub,Neg,ninibaasiinaadog,ni<<nibaa>>siinaadog,,,,,,,,
VAI,Ind,aa,nibaa,nibaa,1Sg,Dub,Pos,ninibaanaadog,ni<<nibaa>>naadog,,,,,,,,
VAI,Ind,aa,nibaa,nibaa,1Sg,Dub+Prt,Neg,,,,,,,,,,
VAI,Ind,aa,nibaa,nibaa,1Sg,Dub+Prt,Pos,,,,,,,,,,
VAI,Ind,aa,nibaa,nibaa,1Sg,Neu,Neg,ninibaasiin,ni<<nibaa>>siin,ninibaasii,ni<<nibaa>>sii,,,,,,
VAI,Ind,aa,nibaa,nibaa,1Sg,Neu,Pos,ninibaa,ni<<nibaa>>,,,,,,,,
VAI,Ind,aa,nibaa,nibaa,1Sg,Prt,Neg,ninibaasiinaaban,ni<<nibaa>>siinaaban,,,,,,,,
VAI,Ind,aa,nibaa,nibaa,1Sg,Prt,Pos,ninibaanaaban,ni<<nibaa>>naaban,,,,,,,,
VAI,Ind,aa,nibaa,nibaa,2Pl,Dub,Neg,ginibaasiimwaadog,gi<<nibaa>>siimwaadog,,,,,,,,
VAI,Ind,aa,nibaa,nibaa,2Pl,Dub,Pos,ginibaamwaadog,gi<<nibaa>>mwaadog,,,,,,,,
VAI,Ind,aa,nibaa,nibaa,2Pl,Dub+Prt,Neg,,,,,,,,,,
VAI,Ind,aa,nibaa,nibaa,2Pl,Dub+Prt,Pos,,,,,,,,,,
VAI,Ind,aa,nibaa,nibaa,2Pl,Neu,Neg,ginibaasiim,gi<<nibaa>>siim,,,,,,,,
VAI,Ind,aa,nibaa,nibaa,2Pl,Neu,Pos,ginibaam,gi<<nibaa>>m,,,,,,,,
VAI,Ind,aa,nibaa,nibaa,2Pl,Prt,Neg,ginibaasiimwaaban,gi<<nibaa>>siimwaaban,,,,,,,,
VAI,Ind,aa,nibaa,nibaa,2Pl,Prt,Pos,ginibaamwaaban,gi<<nibaa>>mwaaban,,,,,,,,
VAI,Ind,aa,nibaa,nibaa,2Sg,Dub,Neg,ginibaasiinaadog,gi<<nibaa>>siinaadog,,,,,,,,
VAI,Ind,aa,nibaa,nibaa,2Sg,Dub,Pos,ginibaanaadog,gi<<nibaa>>naadog,,,,,,,,
VAI,Ind,aa,nibaa,nibaa,2Sg,Dub+Prt,Neg,,,,,,,,,,
VAI,Ind,aa,nibaa,nibaa,2Sg,Dub+Prt,Pos,,,,,,,,,,
VAI,Ind,aa,nibaa,nibaa,2Sg,Neu,Neg,ginibaasiin,gi<<nibaa>>siin,ginibaasii,gi<<nibaa>>sii,,,,,,
VAI,Ind,aa,nibaa,nibaa,2Sg,Neu,Pos,ginibaa,gi<<nibaa>>,,,,,,,,
VAI,Ind,aa,nibaa,nibaa,2Sg,Prt,Neg,ginibaasiinaaban,gi<<nibaa>>siinaaban,,,,,,,,
VAI,Ind,aa,nibaa,nibaa,2Sg,Prt,Pos,ginibaanaaban,gi<<nibaa>>naaban,,,,,,,,
VAI,Ind,aa,nibaa,nibaa,3PlObv,Dub,Neg,nibaasiidogenan,<<nibaa>>siidogenan,nibaasiidogena',<<nibaa>>siidogena',,,,,,
VAI,Ind,aa,nibaa,nibaa,3PlObv,Dub,Pos,nibaadogenan,<<nibaa>>dogenan,nibaadogena',<<nibaa>>dogena',,,,,,
VAI,Ind,aa,nibaa,nibaa,3PlObv,Dub+Prt,Neg,,,,,,,,,,
VAI,Ind,aa,nibaa,nibaa,3PlObv,Dub+Prt,Pos,,,,,,,,,,
VAI,Ind,aa,nibaa,nibaa,3PlObv,Neu,Neg,nibaasiiwan,<<nibaa>>siiwan,nibaasiiwa',<<nibaa>>siiwa',,,,,,
VAI,Ind,aa,nibaa,nibaa,3PlObv,Neu,Pos,nibaawan,<<nibaa>>wan,nibaawa',<<nibaa>>wa',,,,,,
VAI,Ind,aa,nibaa,nibaa,3PlObv,Prt,Neg,nibaasiibaniin,<<nibaa>>siibaniin,nibaasiibanen,<<nibaa>>siibanen,nibaasiibanii',<<nibaa>>siibanii',nibaasiibane',<<nibaa>>siibane',,
VAI,Ind,aa,nibaa,nibaa,3PlObv,Prt,Pos,nibaabaniin,<<nibaa>>baniin,nibaabanen,<<nibaa>>banen,nibaabanii',<<nibaa>>banii',nibaabane',<<nibaa>>bane',,
VAI,Ind,aa,nibaa,nibaa,3PlProx,Dub,Neg,nibaasiidogenag,<<nibaa>>siidogenag,,,,,,,,
VAI,Ind,aa,nibaa,nibaa,3PlProx,Dub,Pos,nibaadogenag,<<nibaa>>dogenag,,,,,,,,
VAI,Ind,aa,nibaa,nibaa,3PlProx,Dub+Prt,Neg,nibaasiigwaaban,<<nibaa>>siigwaaban,,,,,,,,
VAI,Ind,aa,nibaa,nibaa,3PlProx,Dub+Prt,Pos,nibaagwaaban,<<nibaa>>gwaaban,,,,,,,,
VAI,Ind,aa,nibaa,nibaa,3PlProx,Neu,Neg,nibaasiiwag,<<nibaa>>siiwag,,,,,,,,
VAI,Ind,aa,nibaa,nibaa,3PlProx,Neu,Pos,nibaawag,<<nibaa>>wag,,,,,,,,
VAI,Ind,aa,nibaa,nibaa,3PlProx,Prt,Neg,nibaasiibaniig,<<nibaa>>siibaniig,nibaasiibaneg,<<nibaa>>siibaneg,,,,,,
VAI,Ind,aa,nibaa,nibaa,3PlProx,Prt,Pos,nibaabaniig,<<nibaa>>baniig,nibaabaneg,<<nibaa>>baneg,,,,,,
VAI,Ind,aa,nibaa,nibaa,3SgObv,Dub,Neg,nibaasiidogenan,<<nibaa>>siidogenan,,,,,,,,
VAI,Ind,aa,nibaa,nibaa,3SgObv,Dub,Pos,nibaadogenan,<<nibaa>>dogenan,,,,,,,,
VAI,Ind,aa,nibaa,nibaa,3SgObv,Dub+Prt,Neg,nibaasiinigoban,<<nibaa>>siinigoban,,,,,,,,
VAI,Ind,aa,nibaa,nibaa,3SgObv,Dub+Prt,Pos,nibaanigoban,<<nibaa>>nigoban,,,,,,,,
VAI,Ind,aa,nibaa,nibaa,3SgObv,Neu,Neg,nibaasiiwan,<<nibaa>>siiwan,,,,,,,,
VAI,Ind,aa,nibaa,nibaa,3SgObv,Neu,Pos,nibaawan,<<nibaa>>wan,,,,,,,,
VAI,Ind,aa,nibaa,nibaa,3SgObv,Prt,Neg,nibaasiibaniin,<<nibaa>>siibaniin,nibaasiibanen,<<nibaa>>siibanen,,,,,,
VAI,Ind,aa,nibaa,nibaa,3SgObv,Prt,Pos,nibaabaniin,<<nibaa>>baniin,nibaabanen,<<nibaa>>banen,,,,,,
VAI,Ind,aa,nibaa,nibaa,3SgProx,Dub,Neg,nibaasiidog,<<nibaa>>siidog,,,,,,,,
VAI,Ind,aa,nibaa,nibaa,3SgProx,Dub,Pos,nibaadog,<<nibaa>>dog,,,,,,,,
VAI,Ind,aa,nibaa,nibaa,3SgProx,Dub+Prt,Neg,nibaasiigoban,<<nibaa>>siigoban,,,,,,,,
VAI,Ind,aa,nibaa,nibaa,3SgProx,Dub+Prt,Pos,nibaagoban,<<nibaa>>goban,,,,,,,,
VAI,Ind,aa,nibaa,nibaa,3SgProx,Neu,Neg,nibaasiin,<<nibaa>>siin,nibaasii,<<nibaa>>sii,,,,,,
VAI,Ind,aa,nibaa,nibaa,3SgProx,Neu,Pos,nibaa,<<nibaa>>w,,,,,,,,
VAI,Ind,aa,nibaa,nibaa,3SgProx,Prt,Neg,nibaasiiban,<<nibaa>>siiban,,,,,,,,
VAI,Ind,aa,nibaa,nibaa,3SgProx,Prt,Pos,nibaaban,<<nibaa>>ban,,,,,,,,
VAI,Ind,aa,nibaa,nibaa,Excl,Dub,Neg,ninibaasiiminaadog,ni<<nibaa>>siiminaadog,,,,,,,,
VAI,Ind,aa,nibaa,nibaa,Excl,Dub,Pos,ninibaaminaadog,ni<<nibaa>>minaadog,,,,,,,,
VAI,Ind,aa,nibaa,nibaa,Excl,Dub+Prt,Neg,,,,,,,,,,
VAI,Ind,aa,nibaa,nibaa,Excl,Dub+Prt,Pos,,,,,,,,,,
VAI,Ind,aa,nibaa,nibaa,Excl,Neu,Neg,ninibaasiimin,ni<<nibaa>>siimin,,,,,,,,
VAI,Ind,aa,nibaa,nibaa,Excl,Neu,Pos,ninibaamin,ni<<nibaa>>min,,,,,,,,
VAI,Ind,aa,nibaa,nibaa,Excl,Prt,Neg,ninibaasiiminaaban,ni<<nibaa>>siiminaaban,,,,,,,,
VAI,Ind,aa,nibaa,nibaa,Excl,Prt,Pos,ninibaaminaaban,ni<<nibaa>>minaaban,,,,,,,,
VAI,Ind,aa,nibaa,nibaa,Incl,Dub,Neg,ginibaasiiminaadog,gi<<nibaa>>siiminaadog,,,,,,,,
VAI,Ind,aa,nibaa,nibaa,Incl,Dub,Pos,ginibaaminaadog,gi<<nibaa>>minaadog,,,,,,,,
VAI,Ind,aa,nibaa,nibaa,Incl,Dub+Prt,Neg,,,,,,,,,,
VAI,Ind,aa,nibaa,nibaa,Incl,Dub+Prt,Pos,,,,,,,,,,
VAI,Ind,aa,nibaa,nibaa,Incl,Neu,Neg,ginibaasiimin,gi<<nibaa>>siimin,,,,,,,,
VAI,Ind,aa,nibaa,nibaa,Incl,Neu,Pos,ginibaamin,gi<<nibaa>>min,,,,,,,,
VAI,Ind,aa,nibaa,nibaa,Incl,Prt,Neg,ginibaasiiminaaban,gi<<nibaa>>siiminaaban,,,,,,,,
VAI,Ind,aa,nibaa,nibaa,Incl,Prt,Pos,ginibaaminaaban,gi<<nibaa>>minaaban,,,,,,,,
VAI,Ind,aa,nibaa,nibaa,X,Dub,Neg,nibaasiimwaadog,<<nibaa>>siimwaadog,,,,,,,,
VAI,Ind,aa,nibaa,nibaa,X,Dub,Pos,nibaamwaadog,<<nibaa>>mwaadog,,,,,,,,
VAI,Ind,aa,nibaa,nibaa,X,Dub+Prt,Neg,,,,,,,,,,
VAI,Ind,aa,nibaa,nibaa,X,Dub+Prt,Pos,,,,,,,,,,
VAI,Ind,aa,nibaa,nibaa,X,Neu,Neg,nibaasiim,<<nibaa>>siim,,,,,,,,
VAI,Ind,aa,nibaa,nibaa,X,Neu,Pos,nibaam,<<nibaa>>m,,,,,,,,
VAI,Ind,aa,nibaa,nibaa,X,Prt,Neg,nibaasiimwaaban,<<nibaa>>siimwaaban,,,,,,,,
VAI,Ind,aa,nibaa,nibaa,X,Prt,Pos,nibaamwaaban,<<nibaa>>mwaaban,,,,,,,,
VAI,Ind,am,zaaga'am,zaaga',1Sg,Dub,Neg,nizaaga'anziinaadog,ni<<zaaga'>>anziinaadog,,,,,,,,
VAI,Ind,am,zaaga'am,zaaga',1Sg,Dub,Pos,nizaaga'aanaadog,ni<<zaaga'>>aanaadog,,,,,,,,
VAI,Ind,am,zaaga'am,zaaga',1Sg,Dub+Prt,Neg,,,,,,,,,,
VAI,Ind,am,zaaga'am,zaaga',1Sg,Dub+Prt,Pos,,,,,,,,,,
VAI,Ind,am,zaaga'am,zaaga',1Sg,Neu,Neg,nizaaga'anziin,ni<<zaaga'>>anziin,nizaaga'anzii,ni<<zaaga'>>anzii,,,,,,
VAI,Ind,am,zaaga'am,zaaga',1Sg,Neu,Pos,nizaaga'am,ni<<zaaga'>>am,,,,,,,,
VAI,Ind,am,zaaga'am,zaaga',1Sg,Prt,Neg,nizaaga'anziinaaban,ni<<zaaga'>>anziinaaban,,,,,,,,
VAI,Ind,am,zaaga'am,zaaga',1Sg,Prt,Pos,nizaaga'aanaaban,ni<<zaaga'>>aanaaban,,,,,,,,
VAI,Ind,am,zaaga'am,zaaga',2Pl,Dub,Neg,gizaaga'anziimwaadog,gi<<zaaga'>>anziimwaadog,,,,,,,,
VAI,Ind,am,zaaga'am,zaaga',2Pl,Dub,Pos,gizaaga'aamwaadog,gi<<zaaga'>>aamwaadog,,,,,,,,
VAI,Ind,am,zaaga'am,zaaga',2Pl,Dub+Prt,Neg,,,,,,,,,,
VAI,Ind,am,zaaga'am,zaaga',2Pl,Dub+Prt,Pos,,,,,,,,,,
VAI,Ind,am,zaaga'am,zaaga',2Pl,Neu,Neg,gizaaga'anziim,gi<<zaaga'>>anziim,,,,,,,,
VAI,Ind,am,zaaga'am,zaaga',2Pl,Neu,Pos,gizaaga'aam,gi<<zaaga'>>aam,,,,,,,,
VAI,Ind,am,zaaga'am,zaaga',2Pl,Prt,Neg,gizaaga'anziimwaaban,gi<<zaaga'>>anziimwaaban,,,,,,,,
VAI,Ind,am,zaaga'am,zaaga',2Pl,Prt,Pos,gizaaga'aamwaaban,gi<<zaaga'>>aamwaaban,,,,,,,,
VAI,Ind,am,zaaga'am,zaaga',2Sg,Dub,Neg,gizaaga'anziinaadog,gi<<zaaga'>>anziinaadog,,,,,,,,
VAI,Ind,am,zaaga'am,zaaga',2Sg,Dub,Pos,gizaaga'aanaadog,gi<<zaaga'>>aanaadog,,,,,,,,
VAI,Ind,am,zaaga'am,zaaga',2Sg,Dub+Prt,Neg,,,,,,,,,,
VAI,Ind,am,zaaga'am,zaaga',2Sg,Dub+Prt,Pos,,,,,,,,,,
VAI,Ind,am,zaaga'am,zaaga',2Sg,Neu,Neg,gizaaga'anziin,gi<<zaaga'>>anziin,gizaaga'anzii,gi<<zaaga'>>anzii,,,,,,
VAI,Ind,am,zaaga'am,zaaga',2Sg,Neu,Pos,gizaaga'am,gi<<zaaga'>>am,,,,,,,,
VAI,Ind,am,zaaga'am,zaaga',2Sg,Prt,Neg,gizaaga'anziinaaban,gi<<zaaga'>>anziinaaban,,,,,,,,
VAI,Ind,am,zaaga'am,zaaga',2Sg,Prt,Pos,gizaaga'aanaaban,gi<<zaaga'>>aanaaban,,,,,,,,
VAI,Ind,am,zaaga'am,zaaga',3PlObv,Dub,Neg,zaaga'anziidogenan,<<zaaga'>>anziidogenan,zaaga'anziidogena',<<zaaga'>>anziidogena',,,,,,
VAI,Ind,am,zaaga'am,zaaga',3PlObv,Dub,Pos,zaaga'amowidogenan,<<zaaga'>>amowidogenan,zaaga'amodogenan,<<zaaga'>>amodogenan,zaaga'amowidogena',<<zaaga'>>amowidogena',zaaga'amodogena',<<zaaga'>>amodogena',,
VAI,Ind,am,zaaga'am,zaaga',3PlObv,Dub+Prt,Neg,,,,,,,,,,
VAI,Ind,am,zaaga'am,zaaga',3PlObv,Dub+Prt,Pos,,,,,,,,,,
VAI,Ind,am,zaaga'am,zaaga',3PlObv,Neu,Neg,zaaga'anziiwan,<<zaaga'>>anziiwan,zaaga'anziiwa',<<zaaga'>>anziiwa',,,,,,
VAI,Ind,am,zaaga'am,zaaga',3PlObv,Neu,Pos,zaaga'amoon,<<zaaga'>>amoon,zaaga'amoo',<<zaaga'>>amoo',,,,,,
VAI,Ind,am,zaaga'am,zaaga',3PlObv,Prt,Neg,zaaga'anziibaniin,<<zaaga'>>anziibaniin,zaaga'anziibanen,<<zaaga'>>anziibanen,zaaga'anziibanii',<<zaaga'>>anziibanii',zaaga'anziibane',<<zaaga'>>anziibane',,
VAI,Ind,am,zaaga'am,zaaga',3PlObv,Prt,Pos,zaaga'amoobaniin,<<zaaga'>>amoobaniin,zaaga'amoobanen,<<zaaga'>>amoobanen,zaaga'amoobanii',<<zaaga'>>amoobanii',zaaga'amoobane',<<zaaga'>>amoobane',,
VAI,Ind,am,zaaga'am,zaaga',3PlProx,Dub,Neg,zaaga'anziidogenag,<<zaaga'>>anziidogenag,,,,,,,,
VAI,Ind,am,zaaga'am,zaaga',3PlProx,Dub,Pos,zaaga'amowidogenag,<<zaaga'>>amowidogenag,zaaga'amodogenan,<<zaaga'>>amodogenan,,,,,,
VAI,Ind,am,zaaga'am,zaaga',3PlProx,Dub+Prt,Neg,zaaga'anziigwaaban,<<zaaga'>>anziigwaaban,,,,,,,,
VAI,Ind,am,zaaga'am,zaaga',3PlProx,Dub+Prt,Pos,zaaga'amogwaaban,<<zaaga'>>amogwaaban,,,,,,,,
VAI,Ind,am,zaaga'am,zaaga',3PlProx,Neu,Neg,zaaga'anziiwag,<<zaaga'>>anziiwag,,,,,,,,
VAI,Ind,am,zaaga'am,zaaga',3PlProx,Neu,Pos,zaaga'amoog,<<zaaga'>>amoog,,,,,,,,
VAI,Ind,am,zaaga'am,zaaga',3PlProx,Prt,Neg,zaaga'anziibaniig,<<zaaga'>>anziibaniig,zaaga'anziibaneg,<<zaaga'>>anziibaneg,,,,,,
VAI,Ind,am,zaaga'am,zaaga',3PlProx,Prt,Pos,zaaga'amoobaniig,<<zaaga'>>amoobaniig,zaaga'amoobaneg,<<zaaga'>>amoobaneg,,,,,,
VAI,Ind,am,zaaga'am,zaaga',3SgObv,Dub,Neg,zaaga'anziidogenan,<<zaaga'>>anziidogenan,,,,,,,,
VAI,Ind,am,zaaga'am,zaaga',3SgObv,Dub,Pos,zaaga'amowidogenan,<<zaaga'>>amowidogenan,zaaga'amodogenan,<<zaaga'>>amodogenan,,,,,,
VAI,Ind,am,zaaga'am,zaaga',3SgObv,Dub+Prt,Neg,zaaga'anziinigoban,<<zaaga'>>anziinigoban,,,,,,,,
VAI,Ind,am,zaaga'am,zaaga',3SgObv,Dub+Prt,Pos,zaaga'aminigoban,<<zaaga'>>aminigoban,,,,,,,,
VAI,Ind,am,zaaga'am,zaaga',3SgObv,Neu,Neg,zaaga'anziiwan,<<zaaga'>>anziiwan,,,,,,,,
VAI,Ind,am,zaaga'am,zaaga',3SgObv,Neu,Pos,zaaga'amoon,<<zaaga'>>amoon,,,,,,,,
VAI,Ind,am,zaaga'am,zaaga',3SgObv,Prt,Neg,zaaga'anziibaniin,<<zaaga'>>anziibaniin,zaaga'anziibanen,<<zaaga'>>anziibanen,,,,,,
VAI,Ind,am,zaaga'am,zaaga',3SgObv,Prt,Pos,zaaga'amoobaniin,<<zaaga'>>amoobaniin,zaaga'amoobanen,<<zaaga'>>amoobanen,,,,,,
VAI,Ind,am,zaaga'am,zaaga',3SgProx,Dub,Neg,zaaga'anziidog,<<zaaga'>>anziidog,,,,,,,,
VAI,Ind,am,zaaga'am,zaaga',3SgProx,Dub,Pos,zaaga'amowidog,<<zaaga'>>amowidog,zaaga'amodog,<<zaaga'>>amodog,,,,,,
VAI,Ind,am,zaaga'am,zaaga',3SgProx,Dub+Prt,Neg,zaaga'anziigoban,<<zaaga'>>anziigoban,,,,,,,,
VAI,Ind,am,zaaga'am,zaaga',3SgProx,Dub+Prt,Pos,zaaga'amogoban,<<zaaga'>>amogoban,,,,,,,,
VAI,Ind,am,zaaga'am,zaaga',3SgProx,Neu,Neg,zaaga'anziin,<<zaaga'>>anziin,zaaga'anzii,<<zaaga'>>anzii,,,,,,
VAI,Ind,am,zaaga'am,zaaga',3SgProx,Neu,Pos,zaaga'am,<<zaaga'>>amw,,,,,,,,
VAI,Ind,am,zaaga'am,zaaga',3SgProx,Prt,Neg,zaaga'anziiban,<<zaaga'>>anziiban,,,,,,,,
VAI,Ind,am,zaaga'am,zaaga',3SgProx,Prt,Pos,zaaga'amooban,<<zaaga'>>amooban,,,,,,,,
VAI,Ind,am,zaaga'am,zaaga',Excl,Dub,Neg,nizaaga'anziiminaadog,ni<<zaaga'>>anziiminaadog,,,,,,,,
VAI,Ind,am,zaaga'am,zaaga',Excl,Dub,Pos,nizaaga'aaminaadog,ni<<zaaga'>>aaminaadog,,,,,,,,
VAI,Ind,am,zaaga'am,zaaga',Excl,Dub+Prt,Neg,,,,,,,,,,
VAI,Ind,am,zaaga'am,zaaga',Excl,Dub+Prt,Pos,,,,,,,,,,
VAI,Ind,am,zaaga'am,zaaga',Excl,Neu,Neg,nizaaga'anziimin,ni<<zaaga'>>anziimin,,,,,,,,
VAI,Ind,am,zaaga'am,zaaga',Excl,Neu,Pos,nizaaga'aamin,ni<<zaaga'>>aamin,,,,,,,,
VAI,Ind,am,zaaga'am,zaaga',Excl,Prt,Neg,nizaaga'anziiminaaban,ni<<zaaga'>>anziiminaaban,,,,,,,,
VAI,Ind,am,zaaga'am,zaaga',Excl,Prt,Pos,nizaaga'aaminaaban,ni<<zaaga'>>aaminaaban,,,,,,,,
VAI,Ind,am,zaaga'am,zaaga',Incl,Dub,Neg,gizaaga'anziiminaadog,gi<<zaaga'>>anziiminaadog,,,,,,,,
VAI,Ind,am,zaaga'am,zaaga',Incl,Dub,Pos,gizaaga'aaminaadog,gi<<zaaga'>>aaminaadog,,,,,,,,
VAI,Ind,am,zaaga'am,zaaga',Incl,Dub+Prt,Neg,,,,,,,,,,
VAI,Ind,am,zaaga'am,zaaga',Incl,Dub+Prt,Pos,,,,,,,,,,
VAI,Ind,am,zaaga'am,zaaga',Incl,Neu,Neg,gizaaga'anziimin,gi<<zaaga'>>anziimin,,,,,,,,
VAI,Ind,am,zaaga'am,zaaga',Incl,Neu,Pos,gizaaga'aamin,gi<<zaaga'>>aamin,,,,,,,,
VAI,Ind,am,zaaga'am,zaaga',Incl,Prt,Neg,gizaaga'anziiminaaban,gi<<zaaga'>>anziiminaaban,,,,,,,,
VAI,Ind,am,zaaga'am,zaaga',Incl,Prt,Pos,gizaaga'aaminaaban,gi<<zaaga'>>aaminaaban,,,,,,,,
VAI,Ind,am,zaaga'am,zaaga',X,Dub,Neg,zaaga'anziimwaadog,<<zaaga'>>anziimwaadog,,,,,,,,
VAI,Ind,am,zaaga'am,zaaga',X,Dub,Pos,zaaga'aamwaadog,<<zaaga'>>aamwaadog,,,,,,,,
VAI,Ind,am,zaaga'am,zaaga',X,Dub+Prt,Neg,,,,,,,,,,
VAI,Ind,am,zaaga'am,zaaga',X,Dub+Prt,Pos,,,,,,,,,,
VAI,Ind,am,zaaga'am,zaaga',X,Neu,Neg,zaaga'anziim,<<zaaga'>>anziim,,,,,,,,
VAI,Ind,am,zaaga'am,zaaga',X,Neu,Pos,zaaga'aam,<<zaaga'>>aam,,,,,,,,
VAI,Ind,am,zaaga'am,zaaga',X,Prt,Neg,zaaga'anziimwaaban,<<zaaga'>>anziimwaaban,,,,,,,,
VAI,Ind,am,zaaga'am,zaaga',X,Prt,Pos,zaaga'aamwaaban,<<zaaga'>>aamwaaban,,,,,,,,
VAI,Ind,e,webinige,webinige,1Sg,Dub,Neg,niwebinigesiinaadog,ni<<webinige>>siinaadog,,,,,,,,
VAI,Ind,e,webinige,webinige,1Sg,Dub,Pos,niwebinigenaadog,ni<<webinige>>naadog,,,,,,,,
VAI,Ind,e,webinige,webinige,1Sg,Dub+Prt,Neg,,,,,,,,,,
VAI,Ind,e,webinige,webinige,1Sg,Dub+Prt,Pos,,,,,,,,,,
VAI,Ind,e,webinige,webinige,1Sg,Neu,Neg,niwebinigesiin,ni<<webinige>>siin,niwebinigesii,ni<<webinige>>sii,,,,,,
VAI,Ind,e,webinige,webinige,1Sg,Neu,Pos,niwebinige,ni<<webinige>>,,,,,,,,
VAI,Ind,e,webinige,webinige,1Sg,Prt,Neg,niwebinigesiinaaban,ni<<webinige>>siinaaban,,,,,,,,
VAI,Ind,e,webinige,webinige,1Sg,Prt,Pos,niwebinigenaaban,ni<<webinige>>naaban,,,,,,,,
VAI,Ind,e,webinige,webinige,2Pl,Dub,Neg,giwebinigesiimwaadog,gi<<webinige>>siimwaadog,,,,,,,,
VAI,Ind,e,webinige,webinige,2Pl,Dub,Pos,giwebinigemwaadog,gi<<webinige>>mwaadog,,,,,,,,
VAI,Ind,e,webinige,webinige,2Pl,Dub+Prt,Neg,,,,,,,,,,
VAI,Ind,e,webinige,webinige,2Pl,Dub+Prt,Pos,,,,,,,,,,
VAI,Ind,e,webinige,webinige,2Pl,Neu,Neg,giwebinigesiim,gi<<webinige>>siim,,,,,,,,
VAI,Ind,e,webinige,webinige,2Pl,Neu,Pos,giwebinigem,gi<<webinige>>m,,,,,,,,
VAI,Ind,e,webinige,webinige,2Pl,Prt,Neg,giwebinigesiimwaaban,gi<<webinige>>siimwaaban,,,,,,,,
VAI,Ind,e,webinige,webinige,2Pl,Prt,Pos,giwebinigemwaaban,gi<<webinige>>mwaaban,,,,,,,,
VAI,Ind,e,webinige,webinige,2Sg,Dub,Neg,giwebinigesiinaadog,gi<<webinige>>siinaadog,,,,,,,,
VAI,Ind,e,webinige,webinige,2Sg,Dub,Pos,giwebinigenaadog,gi<<webinige>>naadog,,,,,,,,
VAI,Ind,e,webinige,webinige,2Sg,Dub+Prt,Neg,,,,,,,,,,
VAI,Ind,e,webinige,webinige,2Sg,Dub+Prt,Pos,,,,,,,,,,
VAI,Ind,e,webinige,webinige,2Sg,Neu,Neg,giwebinigesiin,gi<<webinige>>siin,giwebinigesii,gi<<webinige>>sii,,,,,,
VAI,Ind,e,webinige,webinige,2Sg,Neu,Pos,giwebinige,gi<<webinige>>,,,,,,,,
VAI,Ind,e,webinige,webinige,2Sg,Prt,Neg,giwebinigesiinaaban,gi<<webinige>>siinaaban,,,,,,,,
VAI,Ind,e,webinige,webinige,2Sg,Prt,Pos,giwebinigenaaban,gi<<webinige>>naaban,,,,,,,,
VAI,Ind,e,webinige,webinige,3PlObv,Dub,Neg,webinigesiidogenan,<<webinige>>siidogenan,webinigesiidogena',<<webinige>>siidogena',,,,,,
VAI,Ind,e,webinige,webinige,3PlObv,Dub,Pos,webinigedogenan,<<webinige>>dogenan,webinigedogena',<<webinige>>dogena',,,,,,
VAI,Ind,e,webinige,webinige,3PlObv,Dub+Prt,Neg,,,,,,,,,,
VAI,Ind,e,webinige,webinige,3PlObv,Dub+Prt,Pos,,,,,,,,,,
VAI,Ind,e,webinige,webinige,3PlObv,Neu,Neg,webinigesiiwan,<<webinige>>siiwan,webinigesiiwa',<<webinige>>siiwa',,,,,,
VAI,Ind,e,webinige,webinige,3PlObv,Neu,Pos,webinigewan,<<webinige>>wan,webinigewa',<<webinige>>wa',,,,,,
VAI,Ind,e,webinige,webinige,3PlObv,Prt,Neg,webinigesiibaniin,<<webinige>>siibaniin,webinigesiibanen,<<webinige>>siibanen,webinigesiibanii',<<webinige>>siibanii',webinigesiibane',<<webinige>>siibane',,
VAI,Ind,e,webinige,webinige,3PlObv,Prt,Pos,webinigebaniin,<<webinige>>baniin,webinigebanen,<<webinige>>banen,webinigebanii',<<webinige>>banii',webinigebane',<<webinige>>bane',,
VAI,Ind,e,webinige,webinige,3PlProx,Dub,Neg,webinigesiidogenag,<<webinige>>siidogenag,,,,,,,,
VAI,Ind,e,webinige,webinige,3PlProx,Dub,Pos,webinigedogenag,<<webinige>>dogenag,,,,,,,,
VAI,Ind,e,webinige,webinige,3PlProx,Dub+Prt,Neg,webinigesiigwaaban,<<webinige>>siigwaaban,,,,,,,,
VAI,Ind,e,webinige,webinige,3PlProx,Dub+Prt,Pos,webinigegwaaban,<<webinige>>gwaaban,,,,,,,,
VAI,Ind,e,webinige,webinige,3PlProx,Neu,Neg,webinigesiiwag,<<webinige>>siiwag,,,,,,,,
VAI,Ind,e,webinige,webinige,3PlProx,Neu,Pos,webinigewag,<<webinige>>wag,,,,,,,,
VAI,Ind,e,webinige,webinige,3PlProx,Prt,Neg,webinigesiibaniig,<<webinige>>siibaniig,webinigesiibaneg,<<webinige>>siibaneg,,,,,,
VAI,Ind,e,webinige,webinige,3PlProx,Prt,Pos,webinigebaniig,<<webinige>>baniig,webinigebaneg,<<webinige>>baneg,,,,,,
VAI,Ind,e,webinige,webinige,3SgObv,Dub,Neg,webinigesiidogenan,<<webinige>>siidogenan,,,,,,,,
VAI,Ind,e,webinige,webinige,3SgObv,Dub,Pos,webinigedogenan,<<webinige>>dogenan,,,,,,,,
VAI,Ind,e,webinige,webinige,3SgObv,Dub+Prt,Neg,webinigesiinigoban,<<webinige>>siinigoban,,,,,,,,
VAI,Ind,e,webinige,webinige,3SgObv,Dub+Prt,Pos,webinigenigoban,<<webinige>>nigoban,,,,,,,,
VAI,Ind,e,webinige,webinige,3SgObv,Neu,Neg,webinigesiiwan,<<webinige>>siiwan,,,,,,,,
VAI,Ind,e,webinige,webinige,3SgObv,Neu,Pos,webinigewan,<<webinige>>wan,,,,,,,,
VAI,Ind,e,webinige,webinige,3SgObv,Prt,Neg,webinigesiibaniin,<<webinige>>siibaniin,webinigesiibanen,<<webinige>>siibanen,,,,,,
VAI,Ind,e,webinige,webinige,3SgObv,Prt,Pos,webinigebaniin,<<webinige>>baniin,webinigebanen,<<webinige>>banen,,,,,,
VAI,Ind,e,webinige,webinige,3SgProx,Dub,Neg,webinigesiidog,<<webinige>>siidog,,,,,,,,
VAI,Ind,e,webinige,webinige,3SgProx,Dub,Pos,webinigedog,<<webinige>>dog,,,,,,,,
VAI,Ind,e,webinige,webinige,3SgProx,Dub+Prt,Neg,webinigesiigoban,<<webinige>>siigoban,,,,,,,,
VAI,Ind,e,webinige,webinige,3SgProx,Dub+Prt,Pos,webinigegoban,<<webinige>>goban,,,,,,,,
VAI,Ind,e,webinige,webinige,3SgProx,Neu,Neg,webinigesiin,<<webinige>>siin,webinigesii,<<webinige>>sii,,,,,,
VAI,Ind,e,webinige,webinige,3SgProx,Neu,Pos,webinige,<<webinige>>w,,,,,,,,
VAI,Ind,e,webinige,webinige,3SgProx,Prt,Neg,webinigesiiban,<<webinige>>siiban,,,,,,,,
VAI,Ind,e,webinige,webinige,3SgProx,Prt,Pos,webinigeban,<<webinige>>ban,,,,,,,,
VAI,Ind,e,webinige,webinige,Excl,Dub,Neg,niwebinigesiiminaadog,ni<<webinige>>siiminaadog,,,,,,,,
VAI,Ind,e,webinige,webinige,Excl,Dub,Pos,niwebinigeminaadog,ni<<webinige>>minaadog,,,,,,,,
VAI,Ind,e,webinige,webinige,Excl,Dub+Prt,Neg,,,,,,,,,,
VAI,Ind,e,webinige,webinige,Excl,Dub+Prt,Pos,,,,,,,,,,
VAI,Ind,e,webinige,webinige,Excl,Neu,Neg,niwebinigesiimin,ni<<webinige>>siimin,,,,,,,,
VAI,Ind,e,webinige,webinige,Excl,Neu,Pos,niwebinigemin,ni<<webinige>>min,,,,,,,,
VAI,Ind,e,webinige,webinige,Excl,Prt,Neg,niwebinigesiiminaaban,ni<<webinige>>siiminaaban,,,,,,,,
VAI,Ind,e,webinige,webinige,Excl,Prt,Pos,niwebinigeminaaban,ni<<webinige>>minaaban,,,,,,,,
VAI,Ind,e,webinige,webinige,Incl,Dub,Neg,giwebinigesiiminaadog,gi<<webinige>>siiminaadog,,,,,,,,
VAI,Ind,e,webinige,webinige,Incl,Dub,Pos,giwebinigeminaadog,gi<<webinige>>minaadog,,,,,,,,
VAI,Ind,e,webinige,webinige,Incl,Dub+Prt,Neg,,,,,,,,,,
VAI,Ind,e,webinige,webinige,Incl,Dub+Prt,Pos,,,,,,,,,,
VAI,Ind,e,webinige,webinige,Incl,Neu,Neg,giwebinigesiimin,gi<<webinige>>siimin,,,,,,,,
VAI,Ind,e,webinige,webinige,Incl,Neu,Pos,giwebinigemin,gi<<webinige>>min,,,,,,,,
VAI,Ind,e,webinige,webinige,Incl,Prt,Neg,giwebinigesiiminaaban,gi<<webinige>>siiminaaban,,,,,,,,
VAI,Ind,e,webinige,webinige,Incl,Prt,Pos,giwebinigeminaaban,gi<<webinige>>minaaban,,,,,,,,
VAI,Ind,e,webinige,webinige,X,Dub,Neg,webinigesiimwaadog,<<webinige>>siimwaadog,,,,,,,,
VAI,Ind,e,webinige,webinige,X,Dub,Pos,webinigemwaadog,<<webinige>>mwaadog,,,,,,,,
VAI,Ind,e,webinige,webinige,X,Dub+Prt,Neg,,,,,,,,,,
VAI,Ind,e,webinige,webinige,X,Dub+Prt,Pos,,,,,,,,,,
VAI,Ind,e,webinige,webinige,X,Neu,Neg,webinigesiim,<<webinige>>siim,,,,,,,,
VAI,Ind,e,webinige,webinige,X,Neu,Pos,webinigem,<<webinige>>m,,,,,,,,
VAI,Ind,e,webinige,webinige,X,Prt,Neg,webinigesiimwaaban,<<webinige>>siimwaaban,,,,,,,,
VAI,Ind,e,webinige,webinige,X,Prt,Pos,webinigemwaaban,<<webinige>>mwaaban,,,,,,,,
VAI,Ind,i,niimi,niimi,1Sg,Dub,Neg,niniimisiinaadog,ni<<niimi>>siinaadog,,,,,,,,
VAI,Ind,i,niimi,niimi,1Sg,Dub,Pos,niniiminaadog,ni<<niimi>>naadog,,,,,,,,
VAI,Ind,i,niimi,niimi,1Sg,Dub+Prt,Neg,,,,,,,,,,
VAI,Ind,i,niimi,niimi,1Sg,Dub+Prt,Pos,,,,,,,,,,
VAI,Ind,i,niimi,niimi,1Sg,Neu,Neg,niniimisiin,ni<<niimi>>siin,niniimisii,ni<<niimi>>sii,,,,,,
VAI,Ind,i,niimi,niimi,1Sg,Neu,Pos,niniim,ni<<niim>>,,,,,,,,
VAI,Ind,i,niimi,niimi,1Sg,Prt,Neg,niniimisiinaaban,ni<<niimi>>siinaaban,,,,,,,,
VAI,Ind,i,niimi,niimi,1Sg,Prt,Pos,niniiminaaban,ni<<niimi>>naaban,,,,,,,,
VAI,Ind,i,niimi,niimi,2Pl,Dub,Neg,giniimisiimwaadog,gi<<niimi>>siimwaadog,,,,,,,,
VAI,Ind,i,niimi,niimi,2Pl,Dub,Pos,giniimimwaadog,gi<<niimi>>mwaadog,,,,,,,,
VAI,Ind,i,niimi,niimi,2Pl,Dub+Prt,Neg,,,,,,,,,,
VAI,Ind,i,niimi,niimi,2Pl,Dub+Prt,Pos,,,,,,,,,,
VAI,Ind,i,niimi,niimi,2Pl,Neu,Neg,giniimisiim,gi<<niimi>>siim,,,,,,,,
VAI,Ind,i,niimi,niimi,2Pl,Neu,Pos,giniimim,gi<<niimi>>m,,,,,,,,
VAI,Ind,i,niimi,niimi,2Pl,Prt,Neg,giniimisiimwaaban,gi<<niimi>>siimwaaban,,,,,,,,
VAI,Ind,i,niimi,niimi,2Pl,Prt,Pos,giniimimwaaban,gi<<niimi>>mwaaban,,,,,,,,
VAI,Ind,i,niimi,niimi,2Sg,Dub,Neg,giniimisiinaadog,gi<<niimi>>siinaadog,,,,,,,,
VAI,Ind,i,niimi,niimi,2Sg,Dub,Pos,giniiminaadog,gi<<niimi>>naadog,,,,,,,,
VAI,Ind,i,niimi,niimi,2Sg,Dub+Prt,Neg,,,,,,,,,,
VAI,Ind,i,niimi,niimi,2Sg,Dub+Prt,Pos,,,,,,,,,,
VAI,Ind,i,niimi,niimi,2Sg,Neu,Neg,giniimisiin,gi<<niimi>>siin,giniimisii,gi<<niimi>>sii,,,,,,
VAI,Ind,i,niimi,niimi,2Sg,Neu,Pos,giniim,gi<<niim>>,,,,,,,,
VAI,Ind,i,niimi,niimi,2Sg,Prt,Neg,giniimisiinaaban,gi<<niimi>>siinaaban,,,,,,,,
VAI,Ind,i,niimi,niimi,2Sg,Prt,Pos,giniiminaaban,gi<<niimi>>naaban,,,,,,,,
VAI,Ind,i,niimi,niimi,3PlObv,Dub,Neg,niimisiidogenan,<<niimi>>siidogenan,niimisiidogena',<<niimi>>siidogena',,,,,,
VAI,Ind,i,niimi,niimi,3PlObv,Dub,Pos,niimiwidogenan,<<niimi>>widogenan,niimidogenan,<<niimi>>dogenan,niimiwidogena',<<niimi>>widogena',niimidogena',<<niimi>>dogena',,
VAI,Ind,i,niimi,niimi,3PlObv,Dub+Prt,Neg,,,,,,,,,,
VAI,Ind,i,niimi,niimi,3PlObv,Dub+Prt,Pos,,,,,,,,,,
VAI,Ind,i,niimi,niimi,3PlObv,Neu,Neg,niimisiiwan,<<niimi>>siiwan,niimisiiwa',<<niimi>>siiwa',,,,,,
VAI,Ind,i,niimi,niimi,3PlObv,Neu,Pos,niimiwan,<<niimi>>wan,niimiwa',<<niimi>>wa',,,,,,
VAI,Ind,i,niimi,niimi,3PlObv,Prt,Neg,niimisiibaniin,<<niimi>>siibaniin,niimisiibanen,<<niimi>>siibanen,niimisiibanii',<<niimi>>siibanii',niimisiibane',<<niimi>>siibane',,
VAI,Ind,i,niimi,niimi,3PlObv,Prt,Pos,niimiibaniin,<<niimi>>ibaniin,niimiibanen,<<niimi>>ibanen,niimiibanii',<<niimi>>ibanii',niimiibane',<<niimi>>ibane',,
VAI,Ind,i,niimi,niimi,3PlProx,Dub,Neg,niimisiidogenag,<<niimi>>siidogenag,,,,,,,,
VAI,Ind,i,niimi,niimi,3PlProx,Dub,Pos,niimiwidogenag,<<niimi>>widogenag,niimidogenag,<<niimi>>dogenag,,,,,,
VAI,Ind,i,niimi,niimi,3PlProx,Dub+Prt,Neg,niimisiigwaaban,<<niimi>>siigwaaban,,,,,,,,
VAI,Ind,i,niimi,niimi,3PlProx,Dub+Prt,Pos,niimigwaaan,<<niimi>>gwaaan,,,,,,,,
VAI,Ind,i,niimi,niimi,3PlProx,Neu,Neg,niimisiiwag,<<niimi>>siiwag,,,,,,,,
VAI,Ind,i,niimi,niimi,3PlProx,Neu,Pos,niimiwag,<<niimi>>wag,,,,,,,,
VAI,Ind,i,niimi,niimi,3PlProx,Prt,Neg,niimisiibaniig,<<niimi>>siibaniig,niimisiibaneg,<<niimi>>siibaneg,,,,,,
VAI,Ind,i,niimi,niimi,3PlProx,Prt,Pos,niimiibaniig,<<niimi>>ibaniig,niimiibaneg,<<niimi>>ibaneg,,,,,,
VAI,Ind,i,niimi,niimi,3SgObv,Dub,Neg,niimisiidogenan,<<niimi>>siidogenan,,,,,,,,
VAI,Ind,i,niimi,niimi,3SgObv,Dub,Pos,niimiwidogenan,<<niimi>>widogenan,niimidogenan,<<niimi>>dogenan,,,,,,
VAI,Ind,i,niimi,niimi,3SgObv,Dub+Prt,Neg,niimisiinigoban,<<niimi>>siinigoban,,,,,,,,
VAI,Ind,i,niimi,niimi,3SgObv,Dub+Prt,Pos,niiminigoban,<<niimi>>nigoban,,,,,,,,
VAI,Ind,i,niimi,niimi,3SgObv,Neu,Neg,niimisiiwan,<<niimi>>siiwan,,,,,,,,
VAI,Ind,i,niimi,niimi,3SgObv,Neu,Pos,niimiwan,<<niimi>>wan,,,,,,,,
VAI,Ind,i,niimi,niimi,3SgObv,Prt,Neg,niimisiibaniin,<<niimi>>siibaniin,niimisiibanen,<<niimi>>siibanen,,,,,,
VAI,Ind,i,niimi,niimi,3SgObv,Prt,Pos,niimiibaniin,<<niimi>>ibaniin,niimiibanen,<<niimi>>ibanen,,,,,,
VAI,Ind,i,niimi,niimi,3SgProx,Dub,Neg,niimisiidog,<<niimi>>siidog,,,,,,,,
VAI,Ind,i,niimi,niimi,3SgProx,Dub,Pos,niimiwidog,<<niimi>>widog,niimidog,<<niimi>>dog,,,,,,
VAI,Ind,i,niimi,niimi,3SgProx,Dub+Prt,Neg,niimisiigoban,<<niimi>>siigoban,,,,,,,,
VAI,Ind,i,niimi,niimi,3SgProx,Dub+Prt,Pos,niimigoban,<<niimi>>goban,,,,,,,,
VAI,Ind,i,niimi,niimi,3SgProx,Neu,Neg,niimisiin,<<niimi>>siin,niimisii,<<niimi>>sii,,,,,,
VAI,Ind,i,niimi,niimi,3SgProx,Neu,Pos,niimi,<<niimi>>w,,,,,,,,
VAI,Ind,i,niimi,niimi,3SgProx,Prt,Neg,niimisiiban,<<niimi>>siiban,,,,,,,,
VAI,Ind,i,niimi,niimi,3SgProx,Prt,Pos,niimiiban,<<niimi>>iban,,,,,,,,
VAI,Ind,i,niimi,niimi,Excl,Dub,Neg,niniimisiiminaadog,ni<<niimi>>siiminaadog,,,,,,,,
VAI,Ind,i,niimi,niimi,Excl,Dub,Pos,niniimiminaadog,ni<<niimi>>minaadog,,,,,,,,
VAI,Ind,i,niimi,niimi,Excl,Dub+Prt,Neg,,,,,,,,,,
VAI,Ind,i,niimi,niimi,Excl,Dub+Prt,Pos,,,,,,,,,,
VAI,Ind,i,niimi,niimi,Excl,Neu,Neg,niniimisiimin,ni<<niimi>>siimin,,,,,,,,
VAI,Ind,i,niimi,niimi,Excl,Neu,Pos,niniimimin,ni<<niimi>>min,,,,,,,,
VAI,Ind,i,niimi,niimi,Excl,Prt,Neg,niniimisiiminaaban,ni<<niimi>>siiminaaban,,,,,,,,
VAI,Ind,i,niimi,niimi,Excl,Prt,Pos,niniimiminaaban,ni<<niimi>>minaaban,,,,,,,,
VAI,Ind,i,niimi,niimi,Incl,Dub,Neg,giniimisiiminaadog,gi<<niimi>>siiminaadog,,,,,,,,
VAI,Ind,i,niimi,niimi,Incl,Dub,Pos,giniimiminaadog,gi<<niimi>>minaadog,,,,,,,,
VAI,Ind,i,niimi,niimi,Incl,Dub+Prt,Neg,,,,,,,,,,
VAI,Ind,i,niimi,niimi,Incl,Dub+Prt,Pos,,,,,,,,,,
VAI,Ind,i,niimi,niimi,Incl,Neu,Neg,giniimisiimin,gi<<niimi>>siimin,,,,,,,,
VAI,Ind,i,niimi,niimi,Incl,Neu,Pos,giniimimin,gi<<niimi>>min,,,,,,,,
VAI,Ind,i,niimi,niimi,Incl,Prt,Neg,giniimisiiminaaban,gi<<niimi>>siiminaaban,,,,,,,,
VAI,Ind,i,niimi,niimi,Incl,Prt,Pos,giniimiminaaban,gi<<niimi>>minaaban,,,,,,,,
VAI,Ind,i,niimi,niimi,X,Dub,Neg,niimisiimwaadog,<<niimi>>siimwaadog,,,,,,,,
VAI,Ind,i,niimi,niimi,X,Dub,Pos,niimimwaadog,<<niimi>>mwaadog,,,,,,,,
VAI,Ind,i,niimi,niimi,X,Dub+Prt,Neg,,,,,,,,,,
VAI,Ind,i,niimi,niimi,X,Dub+Prt,Pos,,,,,,,,,,
VAI,Ind,i,niimi,niimi,X,Neu,Neg,niimisiim,<<niimi>>siim,,,,,,,,
VAI,Ind,i,niimi,niimi,X,Neu,Pos,niimim,<<niimi>>m,,,,,,,,
VAI,Ind,i,niimi,niimi,X,Prt,Neg,niimisiimwaaban,<<niimi>>siimwaaban,,,,,,,,
VAI,Ind,i,niimi,niimi,X,Prt,Pos,niimimwaaban,<<niimi>>mwaaban,,,,,,,,
VAI,Ind,ii,madaabii,madaabii,1Sg,Dub,Neg,nimadaabiisiinaadog,ni<<madaabii>>siinaadog,,,,,,,,
VAI,Ind,ii,madaabii,madaabii,1Sg,Dub,Pos,nimadaabiinaadog,ni<<madaabii>>naadog,,,,,,,,
VAI,Ind,ii,madaabii,madaabii,1Sg,Dub+Prt,Neg,,,,,,,,,,
VAI,Ind,ii,madaabii,madaabii,1Sg,Dub+Prt,Pos,,,,,,,,,,
VAI,Ind,ii,madaabii,madaabii,1Sg,Neu,Neg,nimadaabiisiin,ni<<madaabii>>siin,nimadaabiisii,ni<<madaabii>>sii,,,,,,
VAI,Ind,ii,madaabii,madaabii,1Sg,Neu,Pos,nimadaabii,ni<<madaabii>>,,,,,,,,
VAI,Ind,ii,madaabii,madaabii,1Sg,Prt,Neg,nimadaabiisiinaaban,ni<<madaabii>>siinaaban,,,,,,,,
VAI,Ind,ii,madaabii,madaabii,1Sg,Prt,Pos,nimadaabiinaaban,ni<<madaabii>>naaban,,,,,,,,
VAI,Ind,ii,madaabii,madaabii,2Pl,Dub,Neg,gimadaabiisiimwaadog,gi<<madaabii>>siimwaadog,,,,,,,,
VAI,Ind,ii,madaabii,madaabii,2Pl,Dub,Pos,gimadaabiimwaadog,gi<<madaabii>>mwaadog,,,,,,,,
VAI,Ind,ii,madaabii,madaabii,2Pl,Dub+Prt,Neg,,,,,,,,,,
VAI,Ind,ii,madaabii,madaabii,2Pl,Dub+Prt,Pos,,,,,,,,,,
VAI,Ind,ii,madaabii,madaabii,2Pl,Neu,Neg,gimadaabiisiim,gi<<madaabii>>siim,,,,,,,,
VAI,Ind,ii,madaabii,madaabii,2Pl,Neu,Pos,gimadaabiim,gi<<madaabii>>m,,,,,,,,
VAI,Ind,ii,madaabii,madaabii,2Pl,Prt,Neg,gimadaabiisiimwaaban,gi<<madaabii>>siimwaaban,,,,,,,,
VAI,Ind,ii,madaabii,madaabii,2Pl,Prt,Pos,gimadaabiimwaaban,gi<<madaabii>>mwaaban,,,,,,,,
VAI,Ind,ii,madaabii,madaabii,2Sg,Dub,Neg,gimadaabiisiinaadog,gi<<madaabii>>siinaadog,,,,,,,,
VAI,Ind,ii,madaabii,madaabii,2Sg,Dub,Pos,gimadaabiinaadog,gi<<madaabii>>naadog,,,,,,,,
VAI,Ind,ii,madaabii,madaabii,2Sg,Dub+Prt,Neg,,,,,,,,,,
VAI,Ind,ii,madaabii,madaabii,2Sg,Dub+Prt,Pos,,,,,,,,,,
VAI,Ind,ii,madaabii,madaabii,2Sg,Neu,Neg,gimadaabiisiin,gi<<madaabii>>siin,gimadaabiisii,gi<<madaabii>>sii,,,,,,
VAI,Ind,ii,madaabii,madaabii,2Sg,Neu,Pos,gimadaabii,gi<<madaabii>>,,,,,,,,
VAI,Ind,ii,madaabii,madaabii,2Sg,Prt,Neg,gimadaabiisiinaaban,gi<<madaabii>>siinaaban,,,,,,,,
VAI,Ind,ii,madaabii,madaabii,2Sg,Prt,Pos,gimadaabiinaaban,gi<<madaabii>>naaban,,,,,,,,
VAI,Ind,ii,madaabii,madaabii,3PlObv,Dub,Neg,madaabiisiidogenan,<<madaabii>>siidogenan,madaabiisiidogena',<<madaabii>>siidogena',,,,,,
VAI,Ind,ii,madaabii,madaabii,3PlObv,Dub,Pos,madaabiidogenan,<<madaabii>>dogenan,madaabiidogena',<<madaabii>>dogena',,,,,,
VAI,Ind,ii,madaabii,madaabii,3PlObv,Dub+Prt,Neg,,,,,,,,,,
VAI,Ind,ii,madaabii,madaabii,3PlObv,Dub+Prt,Pos,,,,,,,,,,
VAI,Ind,ii,madaabii,madaabii,3PlObv,Neu,Neg,madaabiisiiwan,<<madaabii>>siiwan,madaabiisiiwa',<<madaabii>>siiwa',,,,,,
VAI,Ind,ii,madaabii,madaabii,3PlObv,Neu,Pos,madaabiiwa',<<madaabii>>wa',,,,,,,,
VAI,Ind,ii,madaabii,madaabii,3PlObv,Prt,Neg,madaabiisiibaniin,<<madaabii>>siibaniin,madaabiisiibanen,<<madaabii>>siibanen,madaabiisiibanii',<<madaabii>>siibanii',madaabiisiibane',<<madaabii>>siibane',,
VAI,Ind,ii,madaabii,madaabii,3PlObv,Prt,Pos,madaabiibaniin,<<madaabii>>baniin,madaabiibanen,<<madaabii>>banen,madaabiibanii',<<madaabii>>banii',madaabiibane',<<madaabii>>bane',,
VAI,Ind,ii,madaabii,madaabii,3PlProx,Dub,Neg,madaabiisiidogenag,<<madaabii>>siidogenag,,,,,,,,
VAI,Ind,ii,madaabii,madaabii,3PlProx,Dub,Pos,madaabiidogenag,<<madaabii>>dogenag,,,,,,,,
VAI,Ind,ii,madaabii,madaabii,3PlProx,Dub+Prt,Neg,madaabiisiigwaaban,<<madaabii>>siigwaaban,,,,,,,,
VAI,Ind,ii,madaabii,madaabii,3PlProx,Dub+Prt,Pos,madaabiigwaaban,<<madaabii>>gwaaban,,,,,,,,
VAI,Ind,ii,madaabii,madaabii,3PlProx,Neu,Neg,madaabiisiiwag,<<madaabii>>siiwag,,,,,,,,
VAI,Ind,ii,madaabii,madaabii,3PlProx,Neu,Pos,madaabiiwag,<<madaabii>>wag,,,,,,,,
VAI,Ind,ii,madaabii,madaabii,3PlProx,Prt,Neg,madaabiisiibaniig,<<madaabii>>siibaniig,madaabiisiibaneg,<<madaabii>>siibaneg,,,,,,
VAI,Ind,ii,madaabii,madaabii,3PlProx,Prt,Pos,madaabiibaniig,<<madaabii>>baniig,madaabiibaneg,<<madaabii>>baneg,,,,,,
VAI,Ind,ii,madaabii,madaabii,3SgObv,Dub,Neg,madaabiisiidogenan,<<madaabii>>siidogenan,,,,,,,,
VAI,Ind,ii,madaabii,madaabii,3SgObv,Dub,Pos,madaabiidogenan,<<madaabii>>dogenan,,,,,,,,
VAI,Ind,ii,madaabii,madaabii,3SgObv,Dub+Prt,Neg,madaabiisiinigoban,<<madaabii>>siinigoban,,,,,,,,
VAI,Ind,ii,madaabii,madaabii,3SgObv,Dub+Prt,Pos,madaabiinigoban,<<madaabii>>nigoban,,,,,,,,
VAI,Ind,ii,madaabii,madaabii,3SgObv,Neu,Neg,madaabiisiiwan,<<madaabii>>siiwan,,,,,,,,
VAI,Ind,ii,madaabii,madaabii,3SgObv,Neu,Pos,madaabiiwan,<<madaabii>>wan,,,,,,,,
VAI,Ind,ii,madaabii,madaabii,3SgObv,Prt,Neg,madaabiisiibaniin,<<madaabii>>siibaniin,madaabiisiibanen,<<madaabii>>siibanen,,,,,,
VAI,Ind,ii,madaabii,madaabii,3SgObv,Prt,Pos,madaabiibaniin,<<madaabii>>baniin,madaabiibanen,<<madaabii>>banen,,,,,,
VAI,Ind,ii,madaabii,madaabii,3SgProx,Dub,Neg,madaabiisiidog,<<madaabii>>siidog,,,,,,,,
VAI,Ind,ii,madaabii,madaabii,3SgProx,Dub,Pos,madaabiidog,<<madaabii>>dog,,,,,,,,
VAI,Ind,ii,madaabii,madaabii,3SgProx,Dub+Prt,Neg,madaabiisiigoban,<<madaabii>>siigoban,,,,,,,,
VAI,Ind,ii,madaabii,madaabii,3SgProx,Dub+Prt,Pos,madaabiigoban,<<madaabii>>goban,,,,,,,,
VAI,Ind,ii,madaabii,madaabii,3SgProx,Neu,Neg,madaabiisiin,<<madaabii>>siin,madaabiisii,<<madaabii>>sii,,,,,,
VAI,Ind,ii,madaabii,madaabii,3SgProx,Neu,Pos,madaabii,<<madaabii>>w,,,,,,,,
VAI,Ind,ii,madaabii,madaabii,3SgProx,Prt,Neg,madaabiisiiban,<<madaabii>>siiban,,,,,,,,
VAI,Ind,ii,madaabii,madaabii,3SgProx,Prt,Pos,madaabiiban,<<madaabii>>ban,,,,,,,,
VAI,Ind,ii,madaabii,madaabii,Excl,Dub,Neg,nimadaabiisiiminaadog,ni<<madaabii>>siiminaadog,,,,,,,,
VAI,Ind,ii,madaabii,madaabii,Excl,Dub,Pos,nimadaabiiminaadog,ni<<madaabii>>minaadog,,,,,,,,
VAI,Ind,ii,madaabii,madaabii,Excl,Dub+Prt,Neg,,,,,,,,,,
VAI,Ind,ii,madaabii,madaabii,Excl,Dub+Prt,Pos,,,,,,,,,,
VAI,Ind,ii,madaabii,madaabii,Excl,Neu,Neg,nimadaabiisiimin,ni<<madaabii>>siimin,,,,,,,,
VAI,Ind,ii,madaabii,madaabii,Excl,Neu,Pos,nimadaabiimin,ni<<madaabii>>min,,,,,,,,
VAI,Ind,ii,madaabii,madaabii,Excl,Prt,Neg,nimadaabiisiiminaaban,ni<<madaabii>>siiminaaban,,,,,,,,
VAI,Ind,ii,madaabii,madaabii,Excl,Prt,Pos,nimadaabiiminaaban,ni<<madaabii>>minaaban,,,,,,,,
VAI,Ind,ii,madaabii,madaabii,Incl,Dub,Neg,gimadaabiisiiminaadog,gi<<madaabii>>siiminaadog,,,,,,,,
VAI,Ind,ii,madaabii,madaabii,Incl,Dub,Pos,gimadaabiiminaadog,gi<<madaabii>>minaadog,,,,,,,,
VAI,Ind,ii,madaabii,madaabii,Incl,Dub+Prt,Neg,,,,,,,,,,
VAI,Ind,ii,madaabii,madaabii,Incl,Dub+Prt,Pos,,,,,,,,,,
VAI,Ind,ii,madaabii,madaabii,Incl,Neu,Neg,gimadaabiisiimin,gi<<madaabii>>siimin,,,,,,,,
VAI,Ind,ii,madaabii,madaabii,Incl,Neu,Pos,gimadaabiimin,gi<<madaabii>>min,,,,,,,,
VAI,Ind,ii,madaabii,madaabii,Incl,Prt,Neg,gimadaabiisiiminaaban,gi<<madaabii>>siiminaaban,,,,,,,,
VAI,Ind,ii,madaabii,madaabii,Incl,Prt,Pos,gimadaabiiminaaban,gi<<madaabii>>minaaban,,,,,,,,
VAI,Ind,ii,madaabii,madaabii,X,Dub,Neg,madaabiisiimwaadog,<<madaabii>>siimwaadog,,,,,,,,
VAI,Ind,ii,madaabii,madaabii,X,Dub,Pos,madaabiimwaadog,<<madaabii>>mwaadog,,,,,,,,
VAI,Ind,ii,madaabii,madaabii,X,Dub+Prt,Neg,,,,,,,,,,
VAI,Ind,ii,madaabii,madaabii,X,Dub+Prt,Pos,,,,,,,,,,
VAI,Ind,ii,madaabii,madaabii,X,Neu,Neg,madaabiisiim,<<madaabii>>siim,,,,,,,,
VAI,Ind,ii,madaabii,madaabii,X,Neu,Pos,madaabiim,<<madaabii>>m,,,,,,,,
VAI,Ind,ii,madaabii,madaabii,X,Prt,Neg,madaabiisiimwaaban,<<madaabii>>siimwaaban,,,,,,,,
VAI,Ind,ii,madaabii,madaabii,X,Prt,Pos,madaabiimwaaban,<<madaabii>>mwaaban,,,,,,,,
VAI,Ind,m,minongwaam,minongwaam,1Sg,Dub,Neg,niminongwaanziinaadog,ni<<minongwaan>>ziinaadog,,,,,,,,
VAI,Ind,m,minongwaam,minongwaam,1Sg,Dub,Pos,niminongwaaminaadog,ni<<minongwaam>>inaadog,,,,,,,,
VAI,Ind,m,minongwaam,minongwaam,1Sg,Dub+Prt,Neg,,,,,,,,,,
VAI,Ind,m,minongwaam,minongwaam,1Sg,Dub+Prt,Pos,,,,,,,,,,
VAI,Ind,m,minongwaam,minongwaam,1Sg,Neu,Neg,niminongwaanziin,ni<<minongwaan>>ziin,niminongwaanzii,ni<<minongwaan>>zii,,,,,,
VAI,Ind,m,minongwaam,minongwaam,1Sg,Neu,Pos,niminongwaam,ni<<minongwaam>>,,,,,,,,
VAI,Ind,m,minongwaam,minongwaam,1Sg,Prt,Neg,niminongwaanziinaaban,ni<<minongwaan>>ziinaaban,,,,,,,,
VAI,Ind,m,minongwaam,minongwaam,1Sg,Prt,Pos,niminongwaaminaaban,ni<<minongwaam>>inaaban,,,,,,,,
VAI,Ind,m,minongwaam,minongwaam,2Pl,Dub,Neg,giminongwaanziimwaadog,gi<<minongwaan>>ziimwaadog,,,,,,,,
VAI,Ind,m,minongwaam,minongwaam,2Pl,Dub,Pos,giminongwaamimwaadog,gi<<minongwaam>>imwaadog,,,,,,,,
VAI,Ind,m,minongwaam,minongwaam,2Pl,Dub+Prt,Neg,,,,,,,,,,
VAI,Ind,m,minongwaam,minongwaam,2Pl,Dub+Prt,Pos,,,,,,,,,,
VAI,Ind,m,minongwaam,minongwaam,2Pl,Neu,Neg,giminongwaanziim,gi<<minongwaan>>ziim,,,,,,,,
VAI,Ind,m,minongwaam,minongwaam,2Pl,Neu,Pos,giminongwaamim,gi<<minongwaam>>im,,,,,,,,
VAI,Ind,m,minongwaam,minongwaam,2Pl,Prt,Neg,giminongwaanziimwaaban,gi<<minongwaan>>ziimwaaban,,,,,,,,
VAI,Ind,m,minongwaam,minongwaam,2Pl,Prt,Pos,giminongwaamimwaaban,gi<<minongwaam>>imwaaban,,,,,,,,
VAI,Ind,m,minongwaam,minongwaam,2Sg,Dub,Neg,giminongwaanziinaadog,gi<<minongwaan>>ziinaadog,,,,,,,,
VAI,Ind,m,minongwaam,minongwaam,2Sg,Dub,Pos,giminongwaaminaadog,gi<<minongwaam>>inaadog,,,,,,,,
VAI,Ind,m,minongwaam,minongwaam,2Sg,Dub+Prt,Neg,,,,,,,,,,
VAI,Ind,m,minongwaam,minongwaam,2Sg,Dub+Prt,Pos,,,,,,,,,,
VAI,Ind,m,minongwaam,minongwaam,2Sg,Neu,Neg,giminongwaanziin,gi<<minongwaan>>ziin,giminongwaanzii,gi<<minongwaan>>zii,,,,,,
VAI,Ind,m,minongwaam,minongwaam,2Sg,Neu,Pos,giminongwaam,gi<<minongwaam>>,,,,,,,,
VAI,Ind,m,minongwaam,minongwaam,2Sg,Prt,Neg,giminongwaanziinaaban,gi<<minongwaan>>ziinaaban,,,,,,,,
VAI,Ind,m,minongwaam,minongwaam,2Sg,Prt,Pos,giminongwaaminaaban,gi<<minongwaam>>inaaban,,,,,,,,
VAI,Ind,m,minongwaam,minongwaam,3PlObv,Dub,Neg,minongwaanziidogenan,<<minongwaan>>ziidogenan,minongwaanziidogena',<<minongwaan>>ziidogena',,,,,,
VAI,Ind,m,minongwaam,minongwaam,3PlObv,Dub,Pos,minongwaamowidogenan ,<<minongwaam>>owidogenan ,minongwaamodogenan,<<minongwaam>>odogenan,minongwaamowidogena',<<minongwaam>>owidogena',minongwaamodogena',<<minongwaam>>odogena',,
VAI,Ind,m,minongwaam,minongwaam,3PlObv,Dub+Prt,Neg,,,,,,,,,,
VAI,Ind,m,minongwaam,minongwaam,3PlObv,Dub+Prt,Pos,,,,,,,,,,
VAI,Ind,m,minongwaam,minongwaam,3PlObv,Neu,Neg,minongwaanziiwan,<<minongwaan>>ziiwan,minongwaanziiwa',<<minongwaan>>ziiwa',,,,,,
VAI,Ind,m,minongwaam,minongwaam,3PlObv,Neu,Pos,minongwaamoon,<<minongwaam>>oon,minongwaamoo',<<minongwaam>>oo',,,,,,
VAI,Ind,m,minongwaam,minongwaam,3PlObv,Prt,Neg,minongwaanziibaniin,<<minongwaan>>ziibaniin,minongwaanziibanen,<<minongwaan>>ziibanen,minongwaanziibanii',<<minongwaan>>ziibanii',minongwaanziibane',<<minongwaan>>ziibane',,
VAI,Ind,m,minongwaam,minongwaam,3PlObv,Prt,Pos,minongwaamoobaniin,<<minongwaam>>oobaniin,minongwaamoobanen,<<minongwaam>>oobanen,minongwaamoobanii',<<minongwaam>>oobanii',minongwaamoobane',<<minongwaam>>oobane',,
VAI,Ind,m,minongwaam,minongwaam,3PlProx,Dub,Neg,minongwaanziidogenag,<<minongwaan>>ziidogenag,,,,,,,,
VAI,Ind,m,minongwaam,minongwaam,3PlProx,Dub,Pos,minongwaamowidogenag ,<<minongwaam>>owidogenag ,minongwaamodogenag,<<minongwaam>>odogenag,,,,,,
VAI,Ind,m,minongwaam,minongwaam,3PlProx,Dub+Prt,Neg,minongwaanziigwaaban,<<minongwaan>>ziigwaaban,,,,,,,,
VAI,Ind,m,minongwaam,minongwaam,3PlProx,Dub+Prt,Pos,minongwaamogwaaban,<<minongwaam>>ogwaaban,,,,,,,,
VAI,Ind,m,minongwaam,minongwaam,3PlProx,Neu,Neg,minongwaanziiwag,<<minongwaan>>ziiwag,,,,,,,,
VAI,Ind,m,minongwaam,minongwaam,3PlProx,Neu,Pos,minongwaamoog,<<minongwaam>>oog,,,,,,,,
VAI,Ind,m,minongwaam,minongwaam,3PlProx,Prt,Neg,minongwaanziibaniig,<<minongwaan>>ziibaniig,minongwaanziibaneg,<<minongwaan>>ziibaneg,,,,,,
VAI,Ind,m,minongwaam,minongwaam,3PlProx,Prt,Pos,minongwaamoobaniig,<<minongwaam>>oobaniig,minongwaamoobaneg,<<minongwaam>>oobaneg,,,,,,
VAI,Ind,m,minongwaam,minongwaam,3SgObv,Dub,Neg,minongwaanziidogenan,<<minongwaan>>ziidogenan,,,,,,,,
VAI,Ind,m,minongwaam,minongwaam,3SgObv,Dub,Pos,minongwaamowidogenan ,<<minongwaam>>owidogenan ,minongwaamodogenan,<<minongwaam>>odogenan,,,,,,
VAI,Ind,m,minongwaam,minongwaam,3SgObv,Dub+Prt,Neg,minongwaanziinigoban,<<minongwaan>>ziinigoban,,,,,,,,
VAI,Ind,m,minongwaam,minongwaam,3SgObv,Dub+Prt,Pos,minongwaaminigoban,<<minongwaam>>inigoban,,,,,,,,
VAI,Ind,m,minongwaam,minongwaam,3SgObv,Neu,Neg,minongwaanziiwan,<<minongwaan>>ziiwan,,,,,,,,
VAI,Ind,m,minongwaam,minongwaam,3SgObv,Neu,Pos,minongwaamoon,<<minongwaam>>oon,,,,,,,,
VAI,Ind,m,minongwaam,minongwaam,3SgObv,Prt,Neg,minongwaanziibaniin,<<minongwaan>>ziibaniin,minongwaanziibanen,<<minongwaan>>ziibanen,,,,,,
VAI,Ind,m,minongwaam,minongwaam,3SgObv,Prt,Pos,minongwaamoobaniin,<<minongwaam>>oobaniin,minongwaamoobanen,<<minongwaam>>oobanen,,,,,,
VAI,Ind,m,minongwaam,minongwaam,3SgProx,Dub,Neg,minongwaanziidog,<<minongwaan>>ziidog,,,,,,,,
VAI,Ind,m,minongwaam,minongwaam,3SgProx,Dub,Pos,minongwaamowidog,<<minongwaam>>owidog,minongwaamodog,<<minongwaam>>odog,,,,,,
VAI,Ind,m,minongwaam,minongwaam,3SgProx,Dub+Prt,Neg,minongwaanziigoban,<<minongwaan>>ziigoban,,,,,,,,
VAI,Ind,m,minongwaam,minongwaam,3SgProx,Dub+Prt,Pos,minongwaamogoban,<<minongwaam>>ogoban,,,,,,,,
VAI,Ind,m,minongwaam,minongwaam,3SgProx,Neu,Neg,minongwaanziin,<<minongwaan>>ziin,minongwaanzii,<<minongwaan>>zii,,,,,,
VAI,Ind,m,minongwaam,minongwaam,3SgProx,Neu,Pos,minongwaam,<<minongwaam>>w,,,,,,,,
VAI,Ind,m,minongwaam,minongwaam,3SgProx,Prt,Neg,minongwaanziiban,<<minongwaan>>ziiban,,,,,,,,
VAI,Ind,m,minongwaam,minongwaam,3SgProx,Prt,Pos,minongwaamooban,<<minongwaam>>ooban,,,,,,,,
VAI,Ind,m,minongwaam,minongwaam,Excl,Dub,Neg,niminongwaanziiminaadog,ni<<minongwaan>>ziiminaadog,,,,,,,,
VAI,Ind,m,minongwaam,minongwaam,Excl,Dub,Pos,niminongwaamiminaadog,ni<<minongwaam>>iminaadog,,,,,,,,
VAI,Ind,m,minongwaam,minongwaam,Excl,Dub+Prt,Neg,,,,,,,,,,
VAI,Ind,m,minongwaam,minongwaam,Excl,Dub+Prt,Pos,,,,,,,,,,
VAI,Ind,m,minongwaam,minongwaam,Excl,Neu,Neg,niminongwaanziimin,ni<<minongwaan>>ziimin,,,,,,,,
VAI,Ind,m,minongwaam,minongwaam,Excl,Neu,Pos,niminongwaamimin,ni<<minongwaam>>imin,,,,,,,,
VAI,Ind,m,minongwaam,minongwaam,Excl,Prt,Neg,niminongwaanziiminaaban,ni<<minongwaan>>ziiminaaban,,,,,,,,
VAI,Ind,m,minongwaam,minongwaam,Excl,Prt,Pos,niminongwaamiminaaban,ni<<minongwaam>>iminaaban,,,,,,,,
VAI,Ind,m,minongwaam,minongwaam,Incl,Dub,Neg,giminongwaanziiminaadog,gi<<minongwaan>>ziiminaadog,,,,,,,,
VAI,Ind,m,minongwaam,minongwaam,Incl,Dub,Pos,giminongwaamiminaadog,gi<<minongwaam>>iminaadog,,,,,,,,
VAI,Ind,m,minongwaam,minongwaam,Incl,Dub+Prt,Neg,,,,,,,,,,
VAI,Ind,m,minongwaam,minongwaam,Incl,Dub+Prt,Pos,,,,,,,,,,
VAI,Ind,m,minongwaam,minongwaam,Incl,Neu,Neg,giminongwaanziimin,gi<<minongwaan>>ziimin,,,,,,,,
VAI,Ind,m,minongwaam,minongwaam,Incl,Neu,Pos,giminongwaamimin,gi<<minongwaam>>imin,,,,,,,,
VAI,Ind,m,minongwaam,minongwaam,Incl,Prt,Neg,giminongwaanziiminaaban,gi<<minongwaan>>ziiminaaban,,,,,,,,
VAI,Ind,m,minongwaam,minongwaam,Incl,Prt,Pos,giminongwaamiminaaban,gi<<minongwaam>>iminaaban,,,,,,,,
VAI,Ind,m,minongwaam,minongwaam,X,Dub,Neg,minongwaanziimwaadog,<<minongwaan>>ziimwaadog,,,,,,,,
VAI,Ind,m,minongwaam,minongwaam,X,Dub,Pos,minongwaamimwaadog,<<minongwaam>>imwaadog,,,,,,,,
VAI,Ind,m,minongwaam,minongwaam,X,Dub+Prt,Neg,,,,,,,,,,
VAI,Ind,m,minongwaam,minongwaam,X,Dub+Prt,Pos,,,,,,,,,,
VAI,Ind,m,minongwaam,minongwaam,X,Neu,Neg,minongwaanziim,<<minongwaan>>ziim,,,,,,,,
VAI,Ind,m,minongwaam,minongwaam,X,Neu,Pos,minongwaamim,<<minongwaam>>im,,,,,,,,
VAI,Ind,m,minongwaam,minongwaam,X,Prt,Neg,minongwaanziimwaaban,<<minongwaan>>ziimwaaban,,,,,,,,
VAI,Ind,m,minongwaam,minongwaam,X,Prt,Pos,minongwaamimwaaban,<<minongwaam>>imwaaban,,,,,,,,
VAI,Ind,n,wanishin,wanishin,1Sg,Dub,Neg,niwanishinziinaadog,ni<<wanishin>>ziinaadog,,,,,,,,
VAI,Ind,n,wanishin,wanishin,1Sg,Dub,Pos,niwanishininaadog,ni<<wanishin>>inaadog,,,,,,,,
VAI,Ind,n,wanishin,wanishin,1Sg,Dub+Prt,Neg,,,,,,,,,,
VAI,Ind,n,wanishin,wanishin,1Sg,Dub+Prt,Pos,,,,,,,,,,
VAI,Ind,n,wanishin,wanishin,1Sg,Neu,Neg,niwanishinziin,ni<<wanishin>>ziin,niwanishinzii,ni<<wanishin>>zii,,,,,,
VAI,Ind,n,wanishin,wanishin,1Sg,Neu,Pos,niwanishin,ni<<wanishin>>,,,,,,,,
VAI,Ind,n,wanishin,wanishin,1Sg,Prt,Neg,niwanishinziinaaban,ni<<wanishin>>ziinaaban,,,,,,,,
VAI,Ind,n,wanishin,wanishin,1Sg,Prt,Pos,niwanishininaaban,ni<<wanishin>>inaaban,,,,,,,,
VAI,Ind,n,wanishin,wanishin,2Pl,Dub,Neg,giwanishinziimwaadog,gi<<wanishin>>ziimwaadog,,,,,,,,
VAI,Ind,n,wanishin,wanishin,2Pl,Dub,Pos,giwanishinimwaadog,gi<<wanishin>>imwaadog,,,,,,,,
VAI,Ind,n,wanishin,wanishin,2Pl,Dub+Prt,Neg,,,,,,,,,,
VAI,Ind,n,wanishin,wanishin,2Pl,Dub+Prt,Pos,,,,,,,,,,
VAI,Ind,n,wanishin,wanishin,2Pl,Neu,Neg,giwanishinziim,gi<<wanishin>>ziim,,,,,,,,
VAI,Ind,n,wanishin,wanishin,2Pl,Neu,Pos,giwanishinim,gi<<wanishin>>im,,,,,,,,
VAI,Ind,n,wanishin,wanishin,2Pl,Prt,Neg,giwanishinziimwaaban,gi<<wanishin>>ziimwaaban,,,,,,,,
VAI,Ind,n,wanishin,wanishin,2Pl,Prt,Pos,giwanishinimwaaban,gi<<wanishin>>imwaaban,,,,,,,,
VAI,Ind,n,wanishin,wanishin,2Sg,Dub,Neg,giwanishinziinaadog,gi<<wanishin>>ziinaadog,,,,,,,,
VAI,Ind,n,wanishin,wanishin,2Sg,Dub,Pos,giwanishininaadog,gi<<wanishin>>inaadog,,,,,,,,
VAI,Ind,n,wanishin,wanishin,2Sg,Dub+Prt,Neg,,,,,,,,,,
VAI,Ind,n,wanishin,wanishin,2Sg,Dub+Prt,Pos,,,,,,,,,,
VAI,Ind,n,wanishin,wanishin,2Sg,Neu,Neg,giwanishinziin,gi<<wanishin>>ziin,giwanishinzii,gi<<wanishin>>zii,,,,,,
VAI,Ind,n,wanishin,wanishin,2Sg,Neu,Pos,giwanishin,gi<<wanishin>>,,,,,,,,
VAI,Ind,n,wanishin,wanishin,2Sg,Prt,Neg,giwanishinziinaaban,gi<<wanishin>>ziinaaban,,,,,,,,
VAI,Ind,n,wanishin,wanishin,2Sg,Prt,Pos,giwanishininaaban,gi<<wanishin>>inaaban,,,,,,,,
VAI,Ind,n,wanishin,wanishin,3PlObv,Dub,Neg,wanishinziidogenan,<<wanishin>>ziidogenan,wanishinziidogena',<<wanishin>>ziidogena',,,,,,
VAI,Ind,n,wanishin,wanishin,3PlObv,Dub,Pos,wanishinowidogenan,<<wanishin>>owidogenan,wanishinodogenan,<<wanishin>>odogenan,wanishinowidogena',<<wanishin>>owidogena',wanishinodogena',<<wanishin>>odogena',,
VAI,Ind,n,wanishin,wanishin,3PlObv,Dub+Prt,Neg,,,,,,,,,,
VAI,Ind,n,wanishin,wanishin,3PlObv,Dub+Prt,Pos,,,,,,,,,,
VAI,Ind,n,wanishin,wanishin,3PlObv,Neu,Neg,wanishinziiwan,<<wanishin>>ziiwan,wanishinziiwa',<<wanishin>>ziiwa',,,,,,
VAI,Ind,n,wanishin,wanishin,3PlObv,Neu,Pos,wanishinoon,<<wanishin>>oon,wanishinoo',<<wanishin>>oo',,,,,,
VAI,Ind,n,wanishin,wanishin,3PlObv,Prt,Neg,wanishinziibaniin,<<wanishin>>ziibaniin,wanishinziibanen,<<wanishin>>ziibanen,wanishinziibanii',<<wanishin>>ziibanii',wanishinziibane',<<wanishin>>ziibane',,
VAI,Ind,n,wanishin,wanishin,3PlObv,Prt,Pos,wanishinoobaniin,<<wanishin>>oobaniin,wanishinoobanen,wanishin>>oobanen,wanishinoobanii',wanishin>>oobanii',wanishinoobane',wanishin>>oobane',,
VAI,Ind,n,wanishin,wanishin,3PlProx,Dub,Neg,wanishinziidogenag,<<wanishin>>ziidogenag,,,,,,,,
VAI,Ind,n,wanishin,wanishin,3PlProx,Dub,Pos,wanishinowidogenag,<<wanishin>>owidogenag,wanishinodogenag,<<wanishin>>odogenag,,,,,,
VAI,Ind,n,wanishin,wanishin,3PlProx,Dub+Prt,Neg,wanishinziigwaaban,<<wanishin>>ziigwaaban,,,,,,,,
VAI,Ind,n,wanishin,wanishin,3PlProx,Dub+Prt,Pos,wanishinogwaaban,<<wanishin>>ogwaaban,,,,,,,,
VAI,Ind,n,wanishin,wanishin,3PlProx,Neu,Neg,wanishinziiwag,<<wanishin>>ziiwag,,,,,,,,
VAI,Ind,n,wanishin,wanishin,3PlProx,Neu,Pos,wanishinoog,<<wanishin>>oog,,,,,,,,
VAI,Ind,n,wanishin,wanishin,3PlProx,Prt,Neg,wanishinziibaniig,<<wanishin>>ziibaniig,wanishinziibaneg,<<wanishin>>ziibaneg,,,,,,
VAI,Ind,n,wanishin,wanishin,3PlProx,Prt,Pos,wanishinoobaniig,<<wanishin>>oobaniig,wanishinoobaneg ,wanishin>>oobaneg ,,,,,,
VAI,Ind,n,wanishin,wanishin,3SgObv,Dub,Neg,wanishinziidogenan,<<wanishin>>ziidogenan,,,,,,,,
VAI,Ind,n,wanishin,wanishin,3SgObv,Dub,Pos,wanishinowidogenan,<<wanishin>>owidogenan,wanishinodogenan,<<wanishin>>odogenan,,,,,,
VAI,Ind,n,wanishin,wanishin,3SgObv,Dub+Prt,Neg,wanishinziinigoban,<<wanishin>>ziinigoban,,,,,,,,
VAI,Ind,n,wanishin,wanishin,3SgObv,Dub+Prt,Pos,wanishininigoban,<<wanishin>>inigoban,,,,,,,,
VAI,Ind,n,wanishin,wanishin,3SgObv,Neu,Neg,wanishinziiwan,<<wanishin>>ziiwan,,,,,,,,
VAI,Ind,n,wanishin,wanishin,3SgObv,Neu,Pos,wanishinoon,<<wanishin>>oon,,,,,,,,
VAI,Ind,n,wanishin,wanishin,3SgObv,Prt,Neg,wanishinziibaniin,<<wanishin>>ziibaniin,wanishinziibanen,<<wanishin>>ziibanen,,,,,,
VAI,Ind,n,wanishin,wanishin,3SgObv,Prt,Pos,wanishinoobaniin,<<wanishin>>oobaniin,wanishinoobanen,wanishin>>oobanen,,,,,,
VAI,Ind,n,wanishin,wanishin,3SgProx,Dub,Neg,wanishinziidog,<<wanishin>>ziidog,,,,,,,,
VAI,Ind,n,wanishin,wanishin,3SgProx,Dub,Pos,wanishinowidog,<<wanishin>>owidog,wanishinodog,<<wanishin>>odog,,,,,,
VAI,Ind,n,wanishin,wanishin,3SgProx,Dub+Prt,Neg,wanishinziigoban,<<wanishin>>ziigoban,,,,,,,,
VAI,Ind,n,wanishin,wanishin,3SgProx,Dub+Prt,Pos,wanishinogoban,<<wanishin>>ogoban,,,,,,,,
VAI,Ind,n,wanishin,wanishin,3SgProx,Neu,Neg,wanishinziin,<<wanishin>>ziin,wanishinzii,<<wanishin>>zii,,,,,,
VAI,Ind,n,wanishin,wanishin,3SgProx,Neu,Pos,wanishin,<<wanishin>>w,,,,,,,,
VAI,Ind,n,wanishin,wanishin,3SgProx,Prt,Neg,wanishinziiban,<<wanishin>>ziiban,,,,,,,,
VAI,Ind,n,wanishin,wanishin,3SgProx,Prt,Pos,wanishinooban,<<wanishin>>ooban,,,,,,,,
VAI,Ind,n,wanishin,wanishin,Excl,Dub,Neg,niwanishinziiminaadog,ni<<wanishin>>ziiminaadog,,,,,,,,
VAI,Ind,n,wanishin,wanishin,Excl,Dub,Pos,niwanishiniminaadog,ni<<wanishin>>iminaadog,,,,,,,,
VAI,Ind,n,wanishin,wanishin,Excl,Dub+Prt,Neg,,,,,,,,,,
VAI,Ind,n,wanishin,wanishin,Excl,Dub+Prt,Pos,,,,,,,,,,
VAI,Ind,n,wanishin,wanishin,Excl,Neu,Neg,niwanishinziimin,ni<<wanishin>>ziimin,,,,,,,,
VAI,Ind,n,wanishin,wanishin,Excl,Neu,Pos,niwanishinimin,ni<<wanishin>>imin,,,,,,,,
VAI,Ind,n,wanishin,wanishin,Excl,Prt,Neg,niwanishinziiminaaban,ni<<wanishin>>ziiminaaban,,,,,,,,
VAI,Ind,n,wanishin,wanishin,Excl,Prt,Pos,niwanishiniminaaban,ni<<wanishin>>iminaaban,,,,,,,,
VAI,Ind,n,wanishin,wanishin,Incl,Dub,Neg,giwanishinziiminaadog,gi<<wanishin>>ziiminaadog,,,,,,,,
VAI,Ind,n,wanishin,wanishin,Incl,Dub,Pos,giwanishiniminaadog,gi<<wanishin>>iminaadog,,,,,,,,
VAI,Ind,n,wanishin,wanishin,Incl,Dub+Prt,Neg,,,,,,,,,,
VAI,Ind,n,wanishin,wanishin,Incl,Dub+Prt,Pos,,,,,,,,,,
VAI,Ind,n,wanishin,wanishin,Incl,Neu,Neg,giwanishinziimin,gi<<wanishin>>ziimin,,,,,,,,
VAI,Ind,n,wanishin,wanishin,Incl,Neu,Pos,giwanishinimin,gi<<wanishin>>imin,,,,,,,,
VAI,Ind,n,wanishin,wanishin,Incl,Prt,Neg,giwanishinziiminaaban,gi<<wanishin>>ziiminaaban,,,,,,,,
VAI,Ind,n,wanishin,wanishin,Incl,Prt,Pos,giwanishiniminaaban,gi<<wanishin>>iminaaban,,,,,,,,
VAI,Ind,n,wanishin,wanishin,X,Dub,Neg,wanishinziimwaadog,<<wanishin>>ziimwaadog,,,,,,,,
VAI,Ind,n,wanishin,wanishin,X,Dub,Pos,wanishinimwaadog,<<wanishin>>imwaadog,,,,,,,,
VAI,Ind,n,wanishin,wanishin,X,Dub+Prt,Neg,,,,,,,,,,
VAI,Ind,n,wanishin,wanishin,X,Dub+Prt,Pos,,,,,,,,,,
VAI,Ind,n,wanishin,wanishin,X,Neu,Neg,wanishinziim,<<wanishin>>ziim,,,,,,,,
VAI,Ind,n,wanishin,wanishin,X,Neu,Pos,wanishinim,<<wanishin>>im,,,,,,,,
VAI,Ind,n,wanishin,wanishin,X,Prt,Neg,wanishinziimwaaban,<<wanishin>>ziimwaaban,,,,,,,,
VAI,Ind,n,wanishin,wanishin,X,Prt,Pos,wanishinimwaaban,<<wanishin>>imwaaban,,,,,,,,
VAI,Ind,o,nagamo,nagamo,1Sg,Dub,Neg,ninagamosiinaadog,ni<<nagamo>>siinaadog,,,,,,,,
VAI,Ind,o,nagamo,nagamo,1Sg,Dub,Pos,ninagamonaadog,ni<<nagamo>>naadog,,,,,,,,
VAI,Ind,o,nagamo,nagamo,1Sg,Dub+Prt,Neg,,,,,,,,,,
VAI,Ind,o,nagamo,nagamo,1Sg,Dub+Prt,Pos,,,,,,,,,,
VAI,Ind,o,nagamo,nagamo,1Sg,Neu,Neg,ninagamosiin,ni<<nagamo>>siin,ninagamosii,ni<<nagamo>>sii,,,,,,
VAI,Ind,o,nagamo,nagamo,1Sg,Neu,Pos,ninagam,ni<<nagam>>,,,,,,,,
VAI,Ind,o,nagamo,nagamo,1Sg,Prt,Neg,ninagamosiinaaban,ni<<nagamo>>siinaaban,,,,,,,,
VAI,Ind,o,nagamo,nagamo,1Sg,Prt,Pos,ninagamonaaban,ni<<nagamo>>naaban,,,,,,,,
VAI,Ind,o,nagamo,nagamo,2Pl,Dub,Neg,ginagamosiimwaadog,gi<<nagamo>>siimwaadog,,,,,,,,
VAI,Ind,o,nagamo,nagamo,2Pl,Dub,Pos,ginagamomwaadog,gi<<nagamo>>mwaadog,,,,,,,,
VAI,Ind,o,nagamo,nagamo,2Pl,Dub+Prt,Neg,,,,,,,,,,
VAI,Ind,o,nagamo,nagamo,2Pl,Dub+Prt,Pos,,,,,,,,,,
VAI,Ind,o,nagamo,nagamo,2Pl,Neu,Neg,ginagamosiim,gi<<nagamo>>siim,,,,,,,,
VAI,Ind,o,nagamo,nagamo,2Pl,Neu,Pos,ginagamom,gi<<nagamo>>m,,,,,,,,
VAI,Ind,o,nagamo,nagamo,2Pl,Prt,Neg,ginagamosiimwaaban,gi<<nagamo>>siimwaaban,,,,,,,,
VAI,Ind,o,nagamo,nagamo,2Pl,Prt,Pos,ginagamomwaaban,gi<<nagamo>>mwaaban,,,,,,,,
VAI,Ind,o,nagamo,nagamo,2Sg,Dub,Neg,ginagamosiinaadog,gi<<nagamo>>siinaadog,,,,,,,,
VAI,Ind,o,nagamo,nagamo,2Sg,Dub,Pos,ginagamonaadog,gi<<nagamo>>naadog,,,,,,,,
VAI,Ind,o,nagamo,nagamo,2Sg,Dub+Prt,Neg,,,,,,,,,,
VAI,Ind,o,nagamo,nagamo,2Sg,Dub+Prt,Pos,,,,,,,,,,
VAI,Ind,o,nagamo,nagamo,2Sg,Neu,Neg,ginagamosiin,gi<<nagamo>>siin,ginagamosii,gi<<nagamo>>sii,,,,,,
VAI,Ind,o,nagamo,nagamo,2Sg,Neu,Pos,ginagam,gi<<nagam>>,,,,,,,,
VAI,Ind,o,nagamo,nagamo,2Sg,Prt,Neg,ginagamosiinaaban,gi<<nagamo>>siinaaban,,,,,,,,
VAI,Ind,o,nagamo,nagamo,2Sg,Prt,Pos,ginagamonaaban,gi<<nagamo>>naaban,,,,,,,,
VAI,Ind,o,nagamo,nagamo,3PlObv,Dub,Neg,nagamosiidogenan,<<nagamo>>siidogenan,nagamosiidogena',<<nagamo>>siidogena',,,,,,
VAI,Ind,o,nagamo,nagamo,3PlObv,Dub,Pos,nagamowidogenan,<<nagamo>>widogenan,nagamodogenan,<<nagamo>>dogenan,nagamowidogena',<<nagamo>>widogena',nagamodogena',<<nagamo>>dogena',,
VAI,Ind,o,nagamo,nagamo,3PlObv,Dub+Prt,Neg,,,,,,,,,,
VAI,Ind,o,nagamo,nagamo,3PlObv,Dub+Prt,Pos,,,,,,,,,,
VAI,Ind,o,nagamo,nagamo,3PlObv,Neu,Neg,nagamosiiwan,<<nagamo>>siiwan,nagamosiiwa',<<nagamo>>siiwa',,,,,,
VAI,Ind,o,nagamo,nagamo,3PlObv,Neu,Pos,nagamowan,<<nagamo>>wan,nagamowa',<<nagamo>>wa',,,,,,
VAI,Ind,o,nagamo,nagamo,3PlObv,Prt,Neg,nagamosiibaniin,<<nagamo>>siibaniin,nagamosiibanen,<<nagamo>>siibanen,nagamosiibanii',<<nagamo>>siibanii',nagamosiibane',<<nagamo>>siibane',,
VAI,Ind,o,nagamo,nagamo,3PlObv,Prt,Pos,nagamoobaniin,<<nagamo>>obaniin,nagamoobanen,<<nagamo>>obanen,nagamoobanii',<<nagamo>>obanii',nagamoobane',<<nagamo>>obane',,
VAI,Ind,o,nagamo,nagamo,3PlProx,Dub,Neg,nagamosiidogenag,<<nagamo>>siidogenag,,,,,,,,
VAI,Ind,o,nagamo,nagamo,3PlProx,Dub,Pos,nagamowidogenag,<<nagamo>>widogenag,nagamodogenag,<<nagamo>>dogenag,,,,,,
VAI,Ind,o,nagamo,nagamo,3PlProx,Dub+Prt,Neg,nagamosiigwaaban,<<nagamo>>siigwaaban,,,,,,,,
VAI,Ind,o,nagamo,nagamo,3PlProx,Dub+Prt,Pos,nagamogwaaban,<<nagamo>>gwaaban,,,,,,,,
VAI,Ind,o,nagamo,nagamo,3PlProx,Neu,Neg,nagamosiiwag,<<nagamo>>siiwag,,,,,,,,
VAI,Ind,o,nagamo,nagamo,3PlProx,Neu,Pos,nagamowag,<<nagamo>>wag,,,,,,,,
VAI,Ind,o,nagamo,nagamo,3PlProx,Prt,Neg,nagamosiibaniig,<<nagamo>>siibaniig,nagamosiibaneg,<<nagamo>>siibaneg,,,,,,
VAI,Ind,o,nagamo,nagamo,3PlProx,Prt,Pos,nagamoobaniig,<<nagamo>>obaniig,nagamoobaneg,<<nagamo>>obaneg,,,,,,
VAI,Ind,o,nagamo,nagamo,3SgObv,Dub,Neg,nagamosiidogenan,<<nagamo>>siidogenan,,,,,,,,
VAI,Ind,o,nagamo,nagamo,3SgObv,Dub,Pos,nagamowidogenan,<<nagamo>>widogenan,nagamodogenan,<<nagamo>>dogenan,,,,,,
VAI,Ind,o,nagamo,nagamo,3SgObv,Dub+Prt,Neg,nagamosiinigoban,<<nagamo>>siinigoban,,,,,,,,
VAI,Ind,o,nagamo,nagamo,3SgObv,Dub+Prt,Pos,nagamonigoban,<<nagamo>>nigoban,,,,,,,,
VAI,Ind,o,nagamo,nagamo,3SgObv,Neu,Neg,nagamosiiwan,<<nagamo>>siiwan,,,,,,,,
VAI,Ind,o,nagamo,nagamo,3SgObv,Neu,Pos,nagamowan,<<nagamo>>wan,,,,,,,,
VAI,Ind,o,nagamo,nagamo,3SgObv,Prt,Neg,nagamosiibaniin,<<nagamo>>siibaniin,nagamosiibanen,<<nagamo>>siibanen,,,,,,
VAI,Ind,o,nagamo,nagamo,3SgObv,Prt,Pos,nagamoobaniin,<<nagamo>>obaniin,nagamoobanen,<<nagamo>>obanen,,,,,,
VAI,Ind,o,nagamo,nagamo,3SgProx,Dub,Neg,nagamosiidog,<<nagamo>>siidog,,,,,,,,
VAI,Ind,o,nagamo,nagamo,3SgProx,Dub,Pos,nagamowidog,<<nagamo>>widog,nagamodog,<<nagamo>>dog,,,,,,
VAI,Ind,o,nagamo,nagamo,3SgProx,Dub+Prt,Neg,nagamosiigoban,<<nagamo>>siigoban,,,,,,,,
VAI,Ind,o,nagamo,nagamo,3SgProx,Dub+Prt,Pos,nagamogoban,<<nagamo>>goban,,,,,,,,
VAI,Ind,o,nagamo,nagamo,3SgProx,Neu,Neg,nagamosiin,<<nagamo>>siin,nagamosii,<<nagamo>>sii,,,,,,
VAI,Ind,o,nagamo,nagamo,3SgProx,Neu,Pos,nagamo,<<nagamo>>w,,,,,,,,
VAI,Ind,o,nagamo,nagamo,3SgProx,Prt,Neg,nagamosiiban,<<nagamo>>siiban,,,,,,,,
VAI,Ind,o,nagamo,nagamo,3SgProx,Prt,Pos,nagamooban,<<nagamo>>oban,,,,,,,,
VAI,Ind,o,nagamo,nagamo,Excl,Dub,Neg,ninagamosiiminaadog,ni<<nagamo>>siiminaadog,,,,,,,,
VAI,Ind,o,nagamo,nagamo,Excl,Dub,Pos,ninagamominaadog,ni<<nagamo>>minaadog,,,,,,,,
VAI,Ind,o,nagamo,nagamo,Excl,Dub+Prt,Neg,,,,,,,,,,
VAI,Ind,o,nagamo,nagamo,Excl,Dub+Prt,Pos,,,,,,,,,,
VAI,Ind,o,nagamo,nagamo,Excl,Neu,Neg,ninagamosiimin,ni<<nagamo>>siimin,,,,,,,,
VAI,Ind,o,nagamo,nagamo,Excl,Neu,Pos,ninagamomin,ni<<nagamo>>min,,,,,,,,
VAI,Ind,o,nagamo,nagamo,Excl,Prt,Neg,ninagamosiiminaaban,ni<<nagamo>>siiminaaban,,,,,,,,
VAI,Ind,o,nagamo,nagamo,Excl,Prt,Pos,ninagamominaaban,ni<<nagamo>>minaaban,,,,,,,,
VAI,Ind,o,nagamo,nagamo,Incl,Dub,Neg,ginagamosiiminaadog,gi<<nagamo>>siiminaadog,,,,,,,,
VAI,Ind,o,nagamo,nagamo,Incl,Dub,Pos,ginagamominaadog,gi<<nagamo>>minaadog,,,,,,,,
VAI,Ind,o,nagamo,nagamo,Incl,Dub+Prt,Neg,,,,,,,,,,
VAI,Ind,o,nagamo,nagamo,Incl,Dub+Prt,Pos,,,,,,,,,,
VAI,Ind,o,nagamo,nagamo,Incl,Neu,Neg,ginagamosiimin,gi<<nagamo>>siimin,,,,,,,,
VAI,Ind,o,nagamo,nagamo,Incl,Neu,Pos,ginagamomin,gi<<nagamo>>min,,,,,,,,
VAI,Ind,o,nagamo,nagamo,Incl,Prt,Neg,ginagamosiiminaaban,gi<<nagamo>>siiminaaban,,,,,,,,
VAI,Ind,o,nagamo,nagamo,Incl,Prt,Pos,ginagamominaaban,gi<<nagamo>>minaaban,,,,,,,,
VAI,Ind,o,nagamo,nagamo,X,Dub,Neg,nagamosiimwaadog,<<nagamo>>siimwaadog,,,,,,,,
VAI,Ind,o,nagamo,nagamo,X,Dub,Pos,nagamomwaadog,<<nagamo>>mwaadog,,,,,,,,
VAI,Ind,o,nagamo,nagamo,X,Dub+Prt,Neg,,,,,,,,,,
VAI,Ind,o,nagamo,nagamo,X,Dub+Prt,Pos,,,,,,,,,,
VAI,Ind,o,nagamo,nagamo,X,Neu,Neg,nagamosiim,<<nagamo>>siim,,,,,,,,
VAI,Ind,o,nagamo,nagamo,X,Neu,Pos,nagamom,<<nagamo>>m,,,,,,,,
VAI,Ind,o,nagamo,nagamo,X,Prt,Neg,nagamosiimwaaban,<<nagamo>>siimwaaban,,,,,,,,
VAI,Ind,o,nagamo,nagamo,X,Prt,Pos,nagamomwaaban,<<nagamo>>mwaaban,,,,,,,,
VAI,Ind,oo,maajiibatoo,maajiibatoo,1Sg,Dub,Neg,nimaajiibatoosiinaadog,ni<<maajiibatoo>>siinaadog,,,,,,,,
VAI,Ind,oo,maajiibatoo,maajiibatoo,1Sg,Dub,Pos,nimaajiibatoonaadog,ni<<maajiibatoo>>naadog,,,,,,,,
VAI,Ind,oo,maajiibatoo,maajiibatoo,1Sg,Dub+Prt,Neg,,,,,,,,,,
VAI,Ind,oo,maajiibatoo,maajiibatoo,1Sg,Dub+Prt,Pos,,,,,,,,,,
VAI,Ind,oo,maajiibatoo,maajiibatoo,1Sg,Neu,Neg,nimaajiibatoosiin,ni<<maajiibatoo>>siin,nimaajiibatoosii,ni<<maajiibatoo>>sii,,,,,,
VAI,Ind,oo,maajiibatoo,maajiibatoo,1Sg,Neu,Pos,nimaajiibatoo,ni<<maajiibatoo>>,,,,,,,,
VAI,Ind,oo,maajiibatoo,maajiibatoo,1Sg,Prt,Neg,nimaajiibatoosiinaaban,ni<<maajiibatoo>>siinaaban,,,,,,,,
VAI,Ind,oo,maajiibatoo,maajiibatoo,1Sg,Prt,Pos,nimaajiibatoonaaban,ni<<maajiibatoo>>naaban,,,,,,,,
VAI,Ind,oo,maajiibatoo,maajiibatoo,2Pl,Dub,Neg,gimaajiibatoosiimwaadog,gi<<maajiibatoo>>siimwaadog,,,,,,,,
VAI,Ind,oo,maajiibatoo,maajiibatoo,2Pl,Dub,Pos,gimaajiibatoomwaadog,gi<<maajiibatoo>>mwaadog,,,,,,,,
VAI,Ind,oo,maajiibatoo,maajiibatoo,2Pl,Dub+Prt,Neg,,,,,,,,,,
VAI,Ind,oo,maajiibatoo,maajiibatoo,2Pl,Dub+Prt,Pos,,,,,,,,,,
VAI,Ind,oo,maajiibatoo,maajiibatoo,2Pl,Neu,Neg,gimaajiibatoosiim,gi<<maajiibatoo>>siim,,,,,,,,
VAI,Ind,oo,maajiibatoo,maajiibatoo,2Pl,Neu,Pos,gimaajiibatoom,gi<<maajiibatoo>>m,,,,,,,,
VAI,Ind,oo,maajiibatoo,maajiibatoo,2Pl,Prt,Neg,gimaajiibatoosiimwaaban,gi<<maajiibatoo>>siimwaaban,,,,,,,,
VAI,Ind,oo,maajiibatoo,maajiibatoo,2Pl,Prt,Pos,gimaajiibatoomwaaban,gi<<maajiibatoo>>mwaaban,,,,,,,,
VAI,Ind,oo,maajiibatoo,maajiibatoo,2Sg,Dub,Neg,gimaajiibatoosiinaadog,gi<<maajiibatoo>>siinaadog,,,,,,,,
VAI,Ind,oo,maajiibatoo,maajiibatoo,2Sg,Dub,Pos,gimaajiibatoonaadog,gi<<maajiibatoo>>naadog,,,,,,,,
VAI,Ind,oo,maajiibatoo,maajiibatoo,2Sg,Dub+Prt,Neg,,,,,,,,,,
VAI,Ind,oo,maajiibatoo,maajiibatoo,2Sg,Dub+Prt,Pos,,,,,,,,,,
VAI,Ind,oo,maajiibatoo,maajiibatoo,2Sg,Neu,Neg,gimaajiibatoosiin,gi<<maajiibatoo>>siin,gimaajiibatoosii,gi<<maajiibatoo>>sii,,,,,,
VAI,Ind,oo,maajiibatoo,maajiibatoo,2Sg,Neu,Pos,gimaajiibatoo,gi<<maajiibatoo>>,,,,,,,,
VAI,Ind,oo,maajiibatoo,maajiibatoo,2Sg,Prt,Neg,gimaajiibatoosiinaaban,gi<<maajiibatoo>>siinaaban,,,,,,,,
VAI,Ind,oo,maajiibatoo,maajiibatoo,2Sg,Prt,Pos,gimaajiibatoonaaban,gi<<maajiibatoo>>naaban,,,,,,,,
VAI,Ind,oo,maajiibatoo,maajiibatoo,3PlObv,Dub,Neg,maajiibatoosiidogenan,<<maajiibatoo>>siidogenan,maajiibatoosiidogena',<<maajiibatoo>>siidogena',,,,,,
VAI,Ind,oo,maajiibatoo,maajiibatoo,3PlObv,Dub,Pos,maajiibatoodogenan,<<maajiibatoo>>dogenan,maajiibatoodogena',<<maajiibatoo>>dogena',,,,,,
VAI,Ind,oo,maajiibatoo,maajiibatoo,3PlObv,Dub+Prt,Neg,,,,,,,,,,
VAI,Ind,oo,maajiibatoo,maajiibatoo,3PlObv,Dub+Prt,Pos,,,,,,,,,,
VAI,Ind,oo,maajiibatoo,maajiibatoo,3PlObv,Neu,Neg,maajiibatoosiiwan,<<maajiibatoo>>siiwan,maajiibatoosiiwa',<<maajiibatoo>>siiwa',,,,,,
VAI,Ind,oo,maajiibatoo,maajiibatoo,3PlObv,Neu,Pos,maajiibatoowan,<<maajiibatoo>>wan,maajiibatoowa',<<maajiibatoo>>wa',,,,,,
VAI,Ind,oo,maajiibatoo,maajiibatoo,3PlObv,Prt,Neg,maajiibatoosiibaniin,<<maajiibatoo>>siibaniin,maajiibatoosiibanen,<<maajiibatoo>>siibanen,maajiibatoosiibanii',<<maajiibatoo>>siibanii',maajiibatoosiibane',<<maajiibatoo>>siibane',,
VAI,Ind,oo,maajiibatoo,maajiibatoo,3PlObv,Prt,Pos,maajiibatoobaniin,<<maajiibatoo>>baniin,maajiibatoobanen,<<maajiibatoo>>banen,maajiibatoobanii',<<maajiibatoo>>banii',maajiibatoobane',<<maajiibatoo>>bane',,
VAI,Ind,oo,maajiibatoo,maajiibatoo,3PlProx,Dub,Neg,maajiibatoosiidogenag,<<maajiibatoo>>siidogenag,,,,,,,,
VAI,Ind,oo,maajiibatoo,maajiibatoo,3PlProx,Dub,Pos,maajiibatoodogenag,<<maajiibatoo>>dogenag,,,,,,,,
VAI,Ind,oo,maajiibatoo,maajiibatoo,3PlProx,Dub+Prt,Neg,maajiibatoosiigwaaban,<<maajiibatoo>>siigwaaban,,,,,,,,
VAI,Ind,oo,maajiibatoo,maajiibatoo,3PlProx,Dub+Prt,Pos,maajiibatoogwaaban,<<maajiibatoo>>gwaaban,,,,,,,,
VAI,Ind,oo,maajiibatoo,maajiibatoo,3PlProx,Neu,Neg,maajiibatoosiiwag,<<maajiibatoo>>siiwag,,,,,,,,
VAI,Ind,oo,maajiibatoo,maajiibatoo,3PlProx,Neu,Pos,maajiibatoowag,<<maajiibatoo>>wag,,,,,,,,
VAI,Ind,oo,maajiibatoo,maajiibatoo,3PlProx,Prt,Neg,maajiibatoosiibaniig,<<maajiibatoo>>siibaniig,maajiibatoosiibaneg,<<maajiibatoo>>siibaneg,,,,,,
VAI,Ind,oo,maajiibatoo,maajiibatoo,3PlProx,Prt,Pos,maajiibatoobaniig,<<maajiibatoo>>baniig,maajiibatoobaneg,<<maajiibatoo>>baneg,,,,,,
VAI,Ind,oo,maajiibatoo,maajiibatoo,3SgObv,Dub,Neg,maajiibatoosiidogenan,<<maajiibatoo>>siidogenan,,,,,,,,
VAI,Ind,oo,maajiibatoo,maajiibatoo,3SgObv,Dub,Pos,maajiibatoodogenan,<<maajiibatoo>>dogenan,,,,,,,,
VAI,Ind,oo,maajiibatoo,maajiibatoo,3SgObv,Dub+Prt,Neg,maajiibatoosiinigoban,<<maajiibatoo>>siinigoban,,,,,,,,
VAI,Ind,oo,maajiibatoo,maajiibatoo,3SgObv,Dub+Prt,Pos,maajiibatoonigoban,<<maajiibatoo>>nigoban,,,,,,,,
VAI,Ind,oo,maajiibatoo,maajiibatoo,3SgObv,Neu,Neg,maajiibatoosiiwan,<<maajiibatoo>>siiwan,,,,,,,,
VAI,Ind,oo,maajiibatoo,maajiibatoo,3SgObv,Neu,Pos,maajiibatoowan,<<maajiibatoo>>wan,,,,,,,,
VAI,Ind,oo,maajiibatoo,maajiibatoo,3SgObv,Prt,Neg,maajiibatoosiibaniin,<<maajiibatoo>>siibaniin,maajiibatoosiibanen,<<maajiibatoo>>siibanen,,,,,,
VAI,Ind,oo,maajiibatoo,maajiibatoo,3SgObv,Prt,Pos,maajiibatoobaniin,<<maajiibatoo>>baniin,maajiibatoobanen,<<maajiibatoo>>banen,,,,,,
VAI,Ind,oo,maajiibatoo,maajiibatoo,3SgProx,Dub,Neg,maajiibatoosiidog,<<maajiibatoo>>siidog,,,,,,,,
VAI,Ind,oo,maajiibatoo,maajiibatoo,3SgProx,Dub,Pos,maajiibatoodog,<<maajiibatoo>>dog,,,,,,,,
VAI,Ind,oo,maajiibatoo,maajiibatoo,3SgProx,Dub+Prt,Neg,maajiibatoosiigoban,<<maajiibatoo>>siigoban,,,,,,,,
VAI,Ind,oo,maajiibatoo,maajiibatoo,3SgProx,Dub+Prt,Pos,maajiibatoogoban,<<maajiibatoo>>goban,,,,,,,,
VAI,Ind,oo,maajiibatoo,maajiibatoo,3SgProx,Neu,Neg,maajiibatoosiin,<<maajiibatoo>>siin,maajiibatoosii,<<maajiibatoo>>sii,,,,,,
VAI,Ind,oo,maajiibatoo,maajiibatoo,3SgProx,Neu,Pos,maajiibatoo,<<maajiibatoo>>w,,,,,,,,
VAI,Ind,oo,maajiibatoo,maajiibatoo,3SgProx,Prt,Neg,maajiibatoosiiban,<<maajiibatoo>>siiban,,,,,,,,
VAI,Ind,oo,maajiibatoo,maajiibatoo,3SgProx,Prt,Pos,maajiibatooban,<<maajiibatoo>>ban,,,,,,,,
VAI,Ind,oo,maajiibatoo,maajiibatoo,Excl,Dub,Neg,nimaajiibatoosiiminaadog,ni<<maajiibatoo>>siiminaadog,,,,,,,,
VAI,Ind,oo,maajiibatoo,maajiibatoo,Excl,Dub,Pos,nimaajiibatoominaadog,ni<<maajiibatoo>>minaadog,,,,,,,,
VAI,Ind,oo,maajiibatoo,maajiibatoo,Excl,Dub+Prt,Neg,,,,,,,,,,
VAI,Ind,oo,maajiibatoo,maajiibatoo,Excl,Dub+Prt,Pos,,,,,,,,,,
VAI,Ind,oo,maajiibatoo,maajiibatoo,Excl,Neu,Neg,nimaajiibatoosiimin,ni<<maajiibatoo>>siimin,,,,,,,,
VAI,Ind,oo,maajiibatoo,maajiibatoo,Excl,Neu,Pos,nimaajiibatoomin,ni<<maajiibatoo>>min,,,,,,,,
VAI,Ind,oo,maajiibatoo,maajiibatoo,Excl,Prt,Neg,nimaajiibatoosiiminaaban,ni<<maajiibatoo>>siiminaaban,,,,,,,,
VAI,Ind,oo,maajiibatoo,maajiibatoo,Excl,Prt,Pos,nimaajiibatoominaaban,ni<<maajiibatoo>>minaaban,,,,,,,,
VAI,Ind,oo,maajiibatoo,maajiibatoo,Incl,Dub,Neg,gimaajiibatoosiiminaadog,gi<<maajiibatoo>>siiminaadog,,,,,,,,
VAI,Ind,oo,maajiibatoo,maajiibatoo,Incl,Dub,Pos,gimaajiibatoominaadog,gi<<maajiibatoo>>minaadog,,,,,,,,
VAI,Ind,oo,maajiibatoo,maajiibatoo,Incl,Dub+Prt,Neg,,,,,,,,,,
VAI,Ind,oo,maajiibatoo,maajiibatoo,Incl,Dub+Prt,Pos,,,,,,,,,,
VAI,Ind,oo,maajiibatoo,maajiibatoo,Incl,Neu,Neg,gimaajiibatoosiimin,gi<<maajiibatoo>>siimin,,,,,,,,
VAI,Ind,oo,maajiibatoo,maajiibatoo,Incl,Neu,Pos,gimaajiibatoomin,gi<<maajiibatoo>>min,,,,,,,,
VAI,Ind,oo,maajiibatoo,maajiibatoo,Incl,Prt,Neg,gimaajiibatoosiiminaaban,gi<<maajiibatoo>>siiminaaban,,,,,,,,
VAI,Ind,oo,maajiibatoo,maajiibatoo,Incl,Prt,Pos,gimaajiibatoominaaban,gi<<maajiibatoo>>minaaban,,,,,,,,
VAI,Ind,oo,maajiibatoo,maajiibatoo,X,Dub,Neg,maajiibatoosiimwaadog,<<maajiibatoo>>siimwaadog,,,,,,,,
VAI,Ind,oo,maajiibatoo,maajiibatoo,X,Dub,Pos,maajiibatoomwaadog,<<maajiibatoo>>mwaadog,,,,,,,,
VAI,Ind,oo,maajiibatoo,maajiibatoo,X,Dub+Prt,Neg,,,,,,,,,,
VAI,Ind,oo,maajiibatoo,maajiibatoo,X,Dub+Prt,Pos,,,,,,,,,,
VAI,Ind,oo,maajiibatoo,maajiibatoo,X,Neu,Neg,maajiibatoosiim,<<maajiibatoo>>siim,,,,,,,,
VAI,Ind,oo,maajiibatoo,maajiibatoo,X,Neu,Pos,maajiibatoom,<<maajiibatoo>>m,,,,,,,,
VAI,Ind,oo,maajiibatoo,maajiibatoo,X,Prt,Neg,maajiibatoosiimwaaban,<<maajiibatoo>>siimwaaban,,,,,,,,
VAI,Ind,oo,maajiibatoo,maajiibatoo,X,Prt,Pos,maajiibatoomwaaban,<<maajiibatoo>>mwaaban,,,,,,,,