Paradigm,Order,Class,Lemma,Stem,Subject,Object,Mode,Negation,Form1,Form2
VTA,Cnj,Regular,waabam,waabam,0Sg/0Pl,1Sg,Dub,Neg,<<waabam>>igosiiwaanen,
VTA,Cnj,Regular,waabam,waabam,0Sg/0Pl,1Sg,Dub,Pos,<<waabam>>igowaanen,
VTA,Cnj,Regular,waabam,waabam,0Sg/0Pl,2Pl,Dub,Neg,<<waabam>>igosiiwegwen,
VTA,Cnj,Regular,waabam,waabam,0Sg/0Pl,2Pl,Dub,Pos,<<waabam>>igowegwen,
VTA,Cnj,Regular,waabam,waabam,0Sg/0Pl,2Sg,Dub,Neg,<<waabam>>igosiiwanen,
VTA,Cnj,Regular,waabam,waabam,0Sg/0Pl,2Sg,Dub,Pos,<<waabam>>igowanen,
VTA,Cnj,Regular,waabam,waabam,0Sg/0Pl,3PlProx,Dub,Neg,<<waabam>>igosiiwaagwen,
VTA,Cnj,Regular,waabam,waabam,0Sg/0Pl,3PlProx,Dub,Pos,<<waabam>>igowaagwen,
VTA,Cnj,Regular,waabam,waabam,0Sg/0Pl,3SgObv/3PlObv,Dub,Neg,<<waabam>>igosiinigwen,
VTA,Cnj,Regular,waabam,waabam,0Sg/0Pl,3SgObv/3PlObv,Dub,Pos,<<waabam>>igonigwen,
VTA,Cnj,Regular,waabam,waabam,0Sg/0Pl,3SgProx,Dub,Neg,<<waabam>>igosiigwen,
VTA,Cnj,Regular,waabam,waabam,0Sg/0Pl,3SgProx,Dub,Pos,<<waabam>>igogwen,
VTA,Cnj,Regular,waabam,waabam,0Sg/0Pl,Excl,Dub,Neg,<<waabam>>igosiiwaangen,
VTA,Cnj,Regular,waabam,waabam,0Sg/0Pl,Excl,Dub,Pos,<<waabam>>igowaangen,
VTA,Cnj,Regular,waabam,waabam,0Sg/0Pl,Incl,Dub,Neg,<<waabam>>igosiiwangen,
VTA,Cnj,Regular,waabam,waabam,0Sg/0Pl,Incl,Dub,Pos,<<waabam>>igowangen,
VTA,Cnj,Regular,waabam,waabam,1Sg,2Pl,Dub,Neg,<<waabam>>isinowagoogwen,
VTA,Cnj,Regular,waabam,waabam,1Sg,2Pl,Dub,Pos,<<waabam>>inagoogwen,
VTA,Cnj,Regular,waabam,waabam,1Sg,2Sg,Dub,Neg,<<waabam>>isiinowaanen,
VTA,Cnj,Regular,waabam,waabam,1Sg,2Sg,Dub,Pos,<<waabam>>inowaanen,
VTA,Cnj,Regular,waabam,waabam,1Sg,3PlProx,Dub,Neg,<<waabam>>aasiwaawagwaawen,<<waabam>>aasiiwagwaawen
VTA,Cnj,Regular,waabam,waabam,1Sg,3PlProx,Dub,Pos,<<waabam>>aawagwaawen,
VTA,Cnj,Regular,waabam,waabam,1Sg,3SgObv/3PlObv,Dub,Neg,<<waabam>>imaasiwaawagen,<<waabam>>imaasiiwagen
VTA,Cnj,Regular,waabam,waabam,1Sg,3SgObv/3PlObv,Dub,Pos,<<waabam>>imaawagen,
VTA,Cnj,Regular,waabam,waabam,1Sg,3SgProx,Dub,Neg,<<waabam>>aasiwaawagen,<<waabam>>aasiiwagen
VTA,Cnj,Regular,waabam,waabam,1Sg,3SgProx,Dub,Pos,<<waabam>>aawagen,
VTA,Cnj,Regular,waabam,waabam,2Pl,1Sg,Dub,Neg,<<waabam>>isiiwegwen,
VTA,Cnj,Regular,waabam,waabam,2Pl,1Sg,Dub,Pos,<<waabam>>iwegwen,
VTA,Cnj,Regular,waabam,waabam,2Pl,3PlProx,Dub,Neg,<<waabam>>aasiwaawegwaawen,<<waabam>>aasiiwegwaawen
VTA,Cnj,Regular,waabam,waabam,2Pl,3PlProx,Dub,Pos,<<waabam>>aawegwaawen,
VTA,Cnj,Regular,waabam,waabam,2Pl,3SgObv/3PlObv,Dub,Neg,<<waabam>>imaasiwaawegwen,<<waabam>>imaasiiwegwen
VTA,Cnj,Regular,waabam,waabam,2Pl,3SgObv/3PlObv,Dub,Pos,<<waabam>>imaawegwen,
VTA,Cnj,Regular,waabam,waabam,2Pl,3SgProx,Dub,Neg,<<waabam>>aasiwaawegwen,<<waabam>>aasiiwaaweg
VTA,Cnj,Regular,waabam,waabam,2Pl,3SgProx,Dub,Pos,<<waabam>>aawegwen,
VTA,Cnj,Regular,waabam,waabam,2Pl,Excl,Dub,Neg,<<waabam>>isiiwaangen,
VTA,Cnj,Regular,waabam,waabam,2Pl,Excl,Dub,Pos,<<waabam>>iwaangen,
VTA,Cnj,Regular,waabam,waabam,2Sg,1Sg,Dub,Neg,<<waabam>>isiiwanen,
VTA,Cnj,Regular,waabam,waabam,2Sg,1Sg,Dub,Pos,<<waabam>>iwanen,
VTA,Cnj,Regular,waabam,waabam,2Sg,3PlProx,Dub,Neg,<<waabam>>aasiwaawadwaawen,<<waabam>>aasiiwadwaawen
VTA,Cnj,Regular,waabam,waabam,2Sg,3PlProx,Dub,Pos,<<waabam>>aawadwaawen,
VTA,Cnj,Regular,waabam,waabam,2Sg,3SgObv/3PlObv,Dub,Neg,<<waabam>>imaasiwaawaden,<<waabam>>imaasiiwaden
VTA,Cnj,Regular,waabam,waabam,2Sg,3SgObv/3PlObv,Dub,Pos,<<waabam>>imaawaden,
VTA,Cnj,Regular,waabam,waabam,2Sg,3SgProx,Dub,Neg,<<waabam>>aasiwaawaden,<<waabam>>aasiiwaden
VTA,Cnj,Regular,waabam,waabam,2Sg,3SgProx,Dub,Pos,<<waabam>>aawaden,
VTA,Cnj,Regular,waabam,waabam,2Sg,Excl,Dub,Neg,<<waabam>>isiiwaangen,
VTA,Cnj,Regular,waabam,waabam,2Sg,Excl,Dub,Pos,<<waabam>>iwaangen,
VTA,Cnj,Regular,waabam,waabam,3PlProx,1Sg,Dub,Neg,<<waabam>>isiiwaagwen,
VTA,Cnj,Regular,waabam,waabam,3PlProx,1Sg,Dub,Pos,<<waabam>>iwaagwen,
VTA,Cnj,Regular,waabam,waabam,3PlProx,2Pl,Dub,Neg,<<waabam>>igoosiiwegwen,
VTA,Cnj,Regular,waabam,waabam,3PlProx,2Pl,Dub,Pos,<<waabam>>igoowegwen,
VTA,Cnj,Regular,waabam,waabam,3PlProx,2Sg,Dub,Neg,<<waabam>>isiinowegwaawen,
VTA,Cnj,Regular,waabam,waabam,3PlProx,2Sg,Dub,Pos,<<waabam>>inowegwaawen,
VTA,Cnj,Regular,waabam,waabam,3PlProx,3SgObv/3PlObv,Dub,Neg,<<waabam>>aasiwaawaagwen,<<waabam>>aasiiwaagwen
VTA,Cnj,Regular,waabam,waabam,3PlProx,3SgObv/3PlObv,Dub,Pos,<<waabam>>aawaagwen,
VTA,Cnj,Regular,waabam,waabam,3PlProx,Excl,Dub,Neg,<<waabam>>isiiwangidwaawen,
VTA,Cnj,Regular,waabam,waabam,3PlProx,Excl,Dub,Pos,<<waabam>>iwangidwaawen,
VTA,Cnj,Regular,waabam,waabam,3PlProx,Incl,Dub,Neg,<<waabam>>isiinowangwaawen,
VTA,Cnj,Regular,waabam,waabam,3PlProx,Incl,Dub,Pos,<<waabam>>inowangwaawen,
VTA,Cnj,Regular,waabam,waabam,3SgObv/3PlObv,3PlProx,Dub,Neg,<<waabam>>igosiiwaagwen,
VTA,Cnj,Regular,waabam,waabam,3SgObv/3PlObv,3PlProx,Dub,Pos,<<waabam>>igowaagwen,
VTA,Cnj,Regular,waabam,waabam,3SgObv/3PlObv,3SgProx,Dub,Neg,<<waabam>>igosiigwen,
VTA,Cnj,Regular,waabam,waabam,3SgObv/3PlObv,3SgProx,Dub,Pos,<<waabam>>igogwen,
VTA,Cnj,Regular,waabam,waabam,3SgProx,1Sg,Dub,Neg,<<waabam>>isiigwen,
VTA,Cnj,Regular,waabam,waabam,3SgProx,1Sg,Dub,Pos,<<waabam>>igwen,
VTA,Cnj,Regular,waabam,waabam,3SgProx,2Pl,Dub,Neg,<<waabam>>igoosiiwanen,
VTA,Cnj,Regular,waabam,waabam,3SgProx,2Pl,Dub,Pos,<<waabam>>igoowanen,
VTA,Cnj,Regular,waabam,waabam,3SgProx,2Sg,Dub,Neg,<<waabam>>isiinowegwen,
VTA,Cnj,Regular,waabam,waabam,3SgProx,2Sg,Dub,Pos,<<waabam>>inowegwen,
VTA,Cnj,Regular,waabam,waabam,3SgProx,3SgObv/3PlObv,Dub,Neg,<<waabam>>aasiigwen,
VTA,Cnj,Regular,waabam,waabam,3SgProx,3SgObv/3PlObv,Dub,Pos,<<waabam>>aagwen,
VTA,Cnj,Regular,waabam,waabam,3SgProx,Excl,Dub,Neg,<<waabam>>isiiwangiden,
VTA,Cnj,Regular,waabam,waabam,3SgProx,Excl,Dub,Pos,<<waabam>>iwangiden,
VTA,Cnj,Regular,waabam,waabam,3SgProx,Incl,Dub,Neg,<<waabam>>isiinowangen,
VTA,Cnj,Regular,waabam,waabam,3SgProx,Incl,Dub,Pos,<<waabam>>inowangen,
VTA,Cnj,Regular,waabam,waabam,Excl,2Pl,Dub,Neg,<<waabam>>isiinogwaawen,
VTA,Cnj,Regular,waabam,waabam,Excl,2Pl,Dub,Pos,<<waabam>>inogwaawen,
VTA,Cnj,Regular,waabam,waabam,Excl,2Sg,Dub,Neg,<<waabam>>isiinogwen,
VTA,Cnj,Regular,waabam,waabam,Excl,2Sg,Dub,Pos,<<waabam>>inogwen,
VTA,Cnj,Regular,waabam,waabam,Excl,3PlProx,Dub,Neg,<<waabam>>aasiwaawangidwaawen,<<waabam>>aasiiwangidwaawen
VTA,Cnj,Regular,waabam,waabam,Excl,3PlProx,Dub,Pos,<<waabam>>aawangidwaawen,
VTA,Cnj,Regular,waabam,waabam,Excl,3SgObv/3PlObv,Dub,Neg,<<waabam>>imaasiwaawangiden,<<waabam>>imaasiiwangiden
VTA,Cnj,Regular,waabam,waabam,Excl,3SgObv/3PlObv,Dub,Pos,<<waabam>>imaawangiden,
VTA,Cnj,Regular,waabam,waabam,Excl,3SgProx,Dub,Neg,<<waabam>>aasiwaawangiden,<<waabam>>aasiiwangiden
VTA,Cnj,Regular,waabam,waabam,Excl,3SgProx,Dub,Pos,<<waabam>>aawangiden,
VTA,Cnj,Regular,waabam,waabam,Incl,3PlProx,Dub,Neg,<<waabam>>aasiwaawangwaawen,<<waabam>>aasiiwangwaawen
VTA,Cnj,Regular,waabam,waabam,Incl,3PlProx,Dub,Pos,<<waabam>>aawangwaawen,
VTA,Cnj,Regular,waabam,waabam,Incl,3SgObv/3PlObv,Dub,Neg,<<waabam>>imaasiwaawangen,<<waabam>>imaasiiwangen
VTA,Cnj,Regular,waabam,waabam,Incl,3SgObv/3PlObv,Dub,Pos,<<waabam>>imaawangen,
VTA,Cnj,Regular,waabam,waabam,Incl,3SgProx,Dub,Neg,<<waabam>>aasiwaawangen,<<waabam>>aasiiwangen
VTA,Cnj,Regular,waabam,waabam,Incl,3SgProx,Dub,Pos,<<waabam>>aawangen,
VTA,Cnj,Regular,waabam,waabam,X,1Sg,Dub,Neg,<<waabam>>igoosiiwaanen,
VTA,Cnj,Regular,waabam,waabam,X,1Sg,Dub,Pos,<<waabam>>igoowaanen,
VTA,Cnj,Regular,waabam,waabam,X,2Pl,Dub,Neg,<<waabam>>igoosiiwegwen,
VTA,Cnj,Regular,waabam,waabam,X,2Pl,Dub,Pos,<<waabam>>igoowegwen,
VTA,Cnj,Regular,waabam,waabam,X,2Sg,Dub,Neg,<<waabam>>igoosiiwanen,
VTA,Cnj,Regular,waabam,waabam,X,2Sg,Dub,Pos,<<waabam>>igoowanen,
VTA,Cnj,Regular,waabam,waabam,X,3PlProx,Dub,Neg,<<waabam>>aasiwaawindwaawen,<<waabam>>aasiiwintwaawen
VTA,Cnj,Regular,waabam,waabam,X,3PlProx,Dub,Pos,<<waabam>>aawindwaawen,
VTA,Cnj,Regular,waabam,waabam,X,3SgObv/3PlObv,Dub,Neg,<<waabam>>imaasiwaawinden,<<waabam>>imaasiiwinden
VTA,Cnj,Regular,waabam,waabam,X,3SgObv/3PlObv,Dub,Pos,<<waabam>>imaawinden,
VTA,Cnj,Regular,waabam,waabam,X,3SgProx,Dub,Neg,<<waabam>>aasiwaawinden,<<waabam>>aasiiwinden
VTA,Cnj,Regular,waabam,waabam,X,3SgProx,Dub,Pos,<<waabam>>aawinden,
VTA,Cnj,Regular,waabam,waabam,X,Excl,Dub,Neg,<<waabam>>igoosiiwaangen,
VTA,Cnj,Regular,waabam,waabam,X,Excl,Dub,Pos,<<waabam>>igoowaangen,
VTA,Cnj,Regular,waabam,waabam,X,Incl,Dub,Neg,<<waabam>>igoosiiwangen,
VTA,Cnj,Regular,waabam,waabam,X,Incl,Dub,Pos,<<waabam>>igoowangen,
VTA,Cnj,Regular,waabam,waabam,0Sg/0Pl,1Sg,Neu,Neg,<<waabam>>igosiwaan,
VTA,Cnj,Regular,waabam,waabam,0Sg/0Pl,1Sg,Neu,Pos,<<waabam>>igoyaan,
VTA,Cnj,Regular,waabam,waabam,0Sg/0Pl,2Pl,Neu,Neg,<<waabam>>igosiweg,
VTA,Cnj,Regular,waabam,waabam,0Sg/0Pl,2Pl,Neu,Pos,<<waabam>>igoyeg,
VTA,Cnj,Regular,waabam,waabam,0Sg/0Pl,2Sg,Neu,Neg,<<waabam>>igosiwan,
VTA,Cnj,Regular,waabam,waabam,0Sg/0Pl,2Sg,Neu,Pos,<<waabam>>igoyan,
VTA,Cnj,Regular,waabam,waabam,0Sg/0Pl,3PlProx,Neu,Neg,<<waabam>>igosigwaa,
VTA,Cnj,Regular,waabam,waabam,0Sg/0Pl,3PlProx,Neu,Pos,<<waabam>>igowaad,
VTA,Cnj,Regular,waabam,waabam,0Sg/0Pl,3SgObv/3PlObv,Neu,Neg,<<waabam>>igosinig,
VTA,Cnj,Regular,waabam,waabam,0Sg/0Pl,3SgObv/3PlObv,Neu,Pos,<<waabam>>igonid,
VTA,Cnj,Regular,waabam,waabam,0Sg/0Pl,3SgProx,Neu,Neg,<<waabam>>igosig,
VTA,Cnj,Regular,waabam,waabam,0Sg/0Pl,3SgProx,Neu,Pos,<<waabam>>igod,
VTA,Cnj,Regular,waabam,waabam,0Sg/0Pl,Excl,Neu,Neg,<<waabam>>igosiwaang,
VTA,Cnj,Regular,waabam,waabam,0Sg/0Pl,Excl,Neu,Pos,<<waabam>>igoyaang,
VTA,Cnj,Regular,waabam,waabam,0Sg/0Pl,Incl,Neu,Neg,<<waabam>>igosiwang,
VTA,Cnj,Regular,waabam,waabam,0Sg/0Pl,Incl,Neu,Pos,<<waabam>>igoyang,
VTA,Cnj,Regular,waabam,waabam,1Sg,2Pl,Neu,Neg,<<waabam>>isinowagog,
VTA,Cnj,Regular,waabam,waabam,1Sg,2Pl,Neu,Pos,<<waabam>>inagog,
VTA,Cnj,Regular,waabam,waabam,1Sg,2Sg,Neu,Neg,<<waabam>>isinowaan,
VTA,Cnj,Regular,waabam,waabam,1Sg,2Sg,Neu,Pos,<<waabam>>inaan,
VTA,Cnj,Regular,waabam,waabam,1Sg,3PlProx,Neu,Neg,<<waabam>>aasiwagwaa,
VTA,Cnj,Regular,waabam,waabam,1Sg,3PlProx,Neu,Pos,<<waabam>>agwaa,
VTA,Cnj,Regular,waabam,waabam,1Sg,3SgObv/3PlObv,Neu,Neg,<<waabam>>imaasiwag,
VTA,Cnj,Regular,waabam,waabam,1Sg,3SgObv/3PlObv,Neu,Pos,<<waabam>>imag,
VTA,Cnj,Regular,waabam,waabam,1Sg,3SgProx,Neu,Neg,<<waabam>>aasiwag,
VTA,Cnj,Regular,waabam,waabam,1Sg,3SgProx,Neu,Pos,<<waabam>>ag,
VTA,Cnj,Regular,waabam,waabam,2Pl,1Sg,Neu,Neg,<<waabam>>isiweg,
VTA,Cnj,Regular,waabam,waabam,2Pl,1Sg,Neu,Pos,<<waabam>>iyeg,
VTA,Cnj,Regular,waabam,waabam,2Pl,3PlProx,Neu,Neg,<<waabam>>aasiwegwaa,
VTA,Cnj,Regular,waabam,waabam,2Pl,3PlProx,Neu,Pos,<<waabam>>egwaa,
VTA,Cnj,Regular,waabam,waabam,2Pl,3SgObv/3PlObv,Neu,Neg,<<waabam>>imaasiweg,
VTA,Cnj,Regular,waabam,waabam,2Pl,3SgObv/3PlObv,Neu,Pos,<<waabam>>imeg,
VTA,Cnj,Regular,waabam,waabam,2Pl,3SgProx,Neu,Neg,<<waabam>>aasiweg,
VTA,Cnj,Regular,waabam,waabam,2Pl,3SgProx,Neu,Pos,<<waabam>>eg,
VTA,Cnj,Regular,waabam,waabam,2Pl,Excl,Neu,Neg,<<waabam>>isiwaang,
VTA,Cnj,Regular,waabam,waabam,2Pl,Excl,Neu,Pos,<<waabam>>iyaang,
VTA,Cnj,Regular,waabam,waabam,2Sg,1Sg,Neu,Neg,<<waabam>>isiwan,
VTA,Cnj,Regular,waabam,waabam,2Sg,1Sg,Neu,Pos,<<waabam>>iyan,
VTA,Cnj,Regular,waabam,waabam,2Sg,3PlProx,Neu,Neg,<<waabam>>aasiwadwaa,
VTA,Cnj,Regular,waabam,waabam,2Sg,3PlProx,Neu,Pos,<<waabam>>adwaa,
VTA,Cnj,Regular,waabam,waabam,2Sg,3SgObv/3PlObv,Neu,Neg,<<waabam>>imaasiwad,
VTA,Cnj,Regular,waabam,waabam,2Sg,3SgObv/3PlObv,Neu,Pos,<<waabam>>imad,
VTA,Cnj,Regular,waabam,waabam,2Sg,3SgProx,Neu,Neg,<<waabam>>aasiwad,
VTA,Cnj,Regular,waabam,waabam,2Sg,3SgProx,Neu,Pos,<<waabam>>ad,
VTA,Cnj,Regular,waabam,waabam,2Sg,Excl,Neu,Neg,<<waabam>>isiwaang,
VTA,Cnj,Regular,waabam,waabam,2Sg,Excl,Neu,Pos,<<waabam>>iyaang,
VTA,Cnj,Regular,waabam,waabam,3PlProx,1Sg,Neu,Neg,<<waabam>>isigwaa,
VTA,Cnj,Regular,waabam,waabam,3PlProx,1Sg,Neu,Pos,<<waabam>>iwaad,
VTA,Cnj,Regular,waabam,waabam,3PlProx,2Pl,Neu,Neg,<<waabam>>isinowegwaa,
VTA,Cnj,Regular,waabam,waabam,3PlProx,2Pl,Neu,Pos,<<waabam>>inegwaa,
VTA,Cnj,Regular,waabam,waabam,3PlProx,2Sg,Neu,Neg,<<waabam>>isinokwaa,
VTA,Cnj,Regular,waabam,waabam,3PlProx,2Sg,Neu,Pos,<<waabam>>ikwaa,
VTA,Cnj,Regular,waabam,waabam,3PlProx,3SgObv/3PlObv,Neu,Neg,<<waabam>>aasigwaa,
VTA,Cnj,Regular,waabam,waabam,3PlProx,3SgObv/3PlObv,Neu,Pos,<<waabam>>aawaad,
VTA,Cnj,Regular,waabam,waabam,3PlProx,Excl,Neu,Neg,<<waabam>>isiwangidwaa,
VTA,Cnj,Regular,waabam,waabam,3PlProx,Excl,Neu,Pos,<<waabam>>iyangidwaa,
VTA,Cnj,Regular,waabam,waabam,3PlProx,Incl,Neu,Neg,<<waabam>>isinowangwaa,
VTA,Cnj,Regular,waabam,waabam,3PlProx,Incl,Neu,Pos,<<waabam>>inangwaa,
VTA,Cnj,Regular,waabam,waabam,3SgObv/3PlObv,3PlProx,Neu,Neg,<<waabam>>igosigwaa,
VTA,Cnj,Regular,waabam,waabam,3SgObv/3PlObv,3PlProx,Neu,Pos,<<waabam>>igowaad,
VTA,Cnj,Regular,waabam,waabam,3SgObv/3PlObv,3SgProx,Neu,Neg,<<waabam>>igosig,
VTA,Cnj,Regular,waabam,waabam,3SgObv/3PlObv,3SgProx,Neu,Pos,<<waabam>>igod,
VTA,Cnj,Regular,waabam,waabam,3SgProx,1Sg,Neu,Neg,<<waabam>>isig,
VTA,Cnj,Regular,waabam,waabam,3SgProx,1Sg,Neu,Pos,<<waabam>>id,
VTA,Cnj,Regular,waabam,waabam,3SgProx,2Pl,Neu,Neg,<<waabam>>isinoweg,
VTA,Cnj,Regular,waabam,waabam,3SgProx,2Pl,Neu,Pos,<<waabam>>ineg,
VTA,Cnj,Regular,waabam,waabam,3SgProx,2Sg,Neu,Neg,<<waabam>>isinok,
VTA,Cnj,Regular,waabam,waabam,3SgProx,2Sg,Neu,Pos,<<waabam>>ik,
VTA,Cnj,Regular,waabam,waabam,3SgProx,3SgObv/3PlObv,Neu,Neg,<<waabam>>aasig,
VTA,Cnj,Regular,waabam,waabam,3SgProx,3SgObv/3PlObv,Neu,Pos,<<waabam>>aad,
VTA,Cnj,Regular,waabam,waabam,3SgProx,Excl,Neu,Neg,<<waabam>>isiwangid,
VTA,Cnj,Regular,waabam,waabam,3SgProx,Excl,Neu,Pos,<<waabam>>iyangid,
VTA,Cnj,Regular,waabam,waabam,3SgProx,Incl,Neu,Neg,<<waabam>>isinowang,
VTA,Cnj,Regular,waabam,waabam,3SgProx,Incl,Neu,Pos,<<waabam>>inang,
VTA,Cnj,Regular,waabam,waabam,Excl,2Pl,Neu,Neg,<<waabam>>igosiweg,
VTA,Cnj,Regular,waabam,waabam,Excl,2Pl,Neu,Pos,<<waabam>>igooyeg,
VTA,Cnj,Regular,waabam,waabam,Excl,2Sg,Neu,Neg,<<waabam>>igoosiwan,
VTA,Cnj,Regular,waabam,waabam,Excl,2Sg,Neu,Pos,<<waabam>>igooyan,
VTA,Cnj,Regular,waabam,waabam,Excl,3PlProx,Neu,Neg,<<waabam>>aasiwangidwaa,
VTA,Cnj,Regular,waabam,waabam,Excl,3PlProx,Neu,Pos,<<waabam>>angidwaa,
VTA,Cnj,Regular,waabam,waabam,Excl,3SgObv/3PlObv,Neu,Neg,<<waabam>>imaasiwangid,
VTA,Cnj,Regular,waabam,waabam,Excl,3SgObv/3PlObv,Neu,Pos,<<waabam>>imangid,
VTA,Cnj,Regular,waabam,waabam,Excl,3SgProx,Neu,Neg,<<waabam>>aasiwangid,
VTA,Cnj,Regular,waabam,waabam,Excl,3SgProx,Neu,Pos,<<waabam>>angid,
VTA,Cnj,Regular,waabam,waabam,Incl,3PlProx,Neu,Neg,<<waabam>>aasiwangwaa,
VTA,Cnj,Regular,waabam,waabam,Incl,3PlProx,Neu,Pos,<<waabam>>angwaa,
VTA,Cnj,Regular,waabam,waabam,Incl,3SgObv/3PlObv,Neu,Neg,<<waabam>>imaasiwang,
VTA,Cnj,Regular,waabam,waabam,Incl,3SgObv/3PlObv,Neu,Pos,<<waabam>>imang,
VTA,Cnj,Regular,waabam,waabam,Incl,3SgProx,Neu,Neg,<<waabam>>aasiwang,
VTA,Cnj,Regular,waabam,waabam,Incl,3SgProx,Neu,Pos,<<waabam>>ang,
VTA,Cnj,Regular,waabam,waabam,X,1Sg,Neu,Neg,<<waabam>>igoosiwaan,
VTA,Cnj,Regular,waabam,waabam,X,1Sg,Neu,Pos,<<waabam>>igooyaan,
VTA,Cnj,Regular,waabam,waabam,X,2Pl,Neu,Neg,<<waabam>>igoosiweg,
VTA,Cnj,Regular,waabam,waabam,X,2Pl,Neu,Pos,<<waabam>>igooyeg,
VTA,Cnj,Regular,waabam,waabam,X,2Sg,Neu,Neg,<<waabam>>igoosiwan,
VTA,Cnj,Regular,waabam,waabam,X,2Sg,Neu,Pos,<<waabam>>igooyan,
VTA,Cnj,Regular,waabam,waabam,X,3PlProx,Neu,Neg,<<waabam>>aasiwindwaa,
VTA,Cnj,Regular,waabam,waabam,X,3PlProx,Neu,Pos,<<waabam>>indwaa,
VTA,Cnj,Regular,waabam,waabam,X,3SgObv/3PlObv,Neu,Neg,<<waabam>>imaasiwind,
VTA,Cnj,Regular,waabam,waabam,X,3SgObv/3PlObv,Neu,Pos,<<waabam>>imind,
VTA,Cnj,Regular,waabam,waabam,X,3SgProx,Neu,Neg,<<waabam>>aasiwind,
VTA,Cnj,Regular,waabam,waabam,X,3SgProx,Neu,Pos,<<waabam>>ind,
VTA,Cnj,Regular,waabam,waabam,X,Excl,Neu,Neg,<<waabam>>igoosiwaang,
VTA,Cnj,Regular,waabam,waabam,X,Excl,Neu,Pos,<<waabam>>igooyaang,
VTA,Cnj,Regular,waabam,waabam,X,Incl,Neu,Neg,<<waabam>>igoosiwang,
VTA,Cnj,Regular,waabam,waabam,X,Incl,Neu,Pos,<<waabam>>igooyang,
VTA,Cnj,Regular,waabam,waabam,0Sg/0Pl,1Sg,Prt,Neg,<<waabam>>igosiwaambaan,
VTA,Cnj,Regular,waabam,waabam,0Sg/0Pl,1Sg,Prt,Pos,<<waabam>>igoyaambaan,
VTA,Cnj,Regular,waabam,waabam,0Sg/0Pl,2Pl,Prt,Neg,<<waabam>>igosiwegiban,
VTA,Cnj,Regular,waabam,waabam,0Sg/0Pl,2Pl,Prt,Pos,<<waabam>>igoyegiban,
VTA,Cnj,Regular,waabam,waabam,0Sg/0Pl,2Sg,Prt,Neg,<<waabam>>igosiwamban,
VTA,Cnj,Regular,waabam,waabam,0Sg/0Pl,2Sg,Prt,Pos,<<waabam>>igoyamban,
VTA,Cnj,Regular,waabam,waabam,0Sg/0Pl,3PlProx,Prt,Neg,<<waabam>>igosigwaaban,
VTA,Cnj,Regular,waabam,waabam,0Sg/0Pl,3PlProx,Prt,Pos,<<waabam>>igowaapan,
VTA,Cnj,Regular,waabam,waabam,0Sg/0Pl,3SgObv/3PlObv,Prt,Neg,<<waabam>>igosinigoban,
VTA,Cnj,Regular,waabam,waabam,0Sg/0Pl,3SgObv/3PlObv,Prt,Pos,<<waabam>>igonipan,
VTA,Cnj,Regular,waabam,waabam,0Sg/0Pl,3SgProx,Prt,Neg,<<waabam>>igosigoban,
VTA,Cnj,Regular,waabam,waabam,0Sg/0Pl,3SgProx,Prt,Pos,<<waabam>>igopan,
VTA,Cnj,Regular,waabam,waabam,0Sg/0Pl,Excl,Prt,Neg,<<waabam>>igosiwaangiban,
VTA,Cnj,Regular,waabam,waabam,0Sg/0Pl,Excl,Prt,Pos,<<waabam>>igoyaangiban,
VTA,Cnj,Regular,waabam,waabam,0Sg/0Pl,Incl,Prt,Neg,<<waabam>>igosiwangiban,
VTA,Cnj,Regular,waabam,waabam,0Sg/0Pl,Incl,Prt,Pos,<<waabam>>igoyangiban,
VTA,Cnj,Regular,waabam,waabam,1Sg,2Pl,Prt,Neg,<<waabam>>isinowagoogoban,
VTA,Cnj,Regular,waabam,waabam,1Sg,2Pl,Prt,Pos,<<waabam>>inagoogoban,
VTA,Cnj,Regular,waabam,waabam,1Sg,2Sg,Prt,Neg,<<waabam>>isinowaambaan,
VTA,Cnj,Regular,waabam,waabam,1Sg,2Sg,Prt,Pos,<<waabam>>inaambaan,
VTA,Cnj,Regular,waabam,waabam,1Sg,3PlProx,Prt,Neg,<<waabam>>aasiwagwaaban,
VTA,Cnj,Regular,waabam,waabam,1Sg,3PlProx,Prt,Pos,<<waabam>>agwaaban,
VTA,Cnj,Regular,waabam,waabam,1Sg,3SgObv/3PlObv,Prt,Neg,<<waabam>>imaasiwagiban,
VTA,Cnj,Regular,waabam,waabam,1Sg,3SgObv/3PlObv,Prt,Pos,<<waabam>>imagiban,
VTA,Cnj,Regular,waabam,waabam,1Sg,3SgProx,Prt,Neg,<<waabam>>aasiwagiban,
VTA,Cnj,Regular,waabam,waabam,1Sg,3SgProx,Prt,Pos,<<waabam>>agiban,
VTA,Cnj,Regular,waabam,waabam,2Pl,1Sg,Prt,Neg,<<waabam>>isiwegiban,
VTA,Cnj,Regular,waabam,waabam,2Pl,1Sg,Prt,Pos,<<waabam>>iyegiban,
VTA,Cnj,Regular,waabam,waabam,2Pl,3PlProx,Prt,Neg,<<waabam>>aasiwegwaaban,
VTA,Cnj,Regular,waabam,waabam,2Pl,3PlProx,Prt,Pos,<<waabam>>egwaaban,
VTA,Cnj,Regular,waabam,waabam,2Pl,3SgObv/3PlObv,Prt,Neg,<<waabam>>imaasiwegiban,
VTA,Cnj,Regular,waabam,waabam,2Pl,3SgObv/3PlObv,Prt,Pos,<<waabam>>imegiban,
VTA,Cnj,Regular,waabam,waabam,2Pl,3SgProx,Prt,Neg,<<waabam>>aasiwegiban,
VTA,Cnj,Regular,waabam,waabam,2Pl,3SgProx,Prt,Pos,<<waabam>>egiban,
VTA,Cnj,Regular,waabam,waabam,2Pl,Excl,Prt,Neg,<<waabam>>isiwaangiban,
VTA,Cnj,Regular,waabam,waabam,2Pl,Excl,Prt,Pos,<<waabam>>iyaangiban,
VTA,Cnj,Regular,waabam,waabam,2Sg,1Sg,Prt,Neg,<<waabam>>isiwamban,
VTA,Cnj,Regular,waabam,waabam,2Sg,1Sg,Prt,Pos,<<waabam>>iyamban,
VTA,Cnj,Regular,waabam,waabam,2Sg,3PlProx,Prt,Neg,<<waabam>>aasiwadwaaban,
VTA,Cnj,Regular,waabam,waabam,2Sg,3PlProx,Prt,Pos,<<waabam>>adwaaban,
VTA,Cnj,Regular,waabam,waabam,2Sg,3SgObv/3PlObv,Prt,Neg,<<waabam>>imaasiwadiban,
VTA,Cnj,Regular,waabam,waabam,2Sg,3SgObv/3PlObv,Prt,Pos,<<waabam>>imadiban,
VTA,Cnj,Regular,waabam,waabam,2Sg,3SgProx,Prt,Neg,<<waabam>>aasiwadiban,
VTA,Cnj,Regular,waabam,waabam,2Sg,3SgProx,Prt,Pos,<<waabam>>adiban,
VTA,Cnj,Regular,waabam,waabam,2Sg,Excl,Prt,Neg,<<waabam>>isiwaangiban,
VTA,Cnj,Regular,waabam,waabam,2Sg,Excl,Prt,Pos,<<waabam>>iyaangiban,
VTA,Cnj,Regular,waabam,waabam,3PlProx,1Sg,Prt,Neg,<<waabam>>isigwaaban,
VTA,Cnj,Regular,waabam,waabam,3PlProx,1Sg,Prt,Pos,<<waabam>>iwaapan,
VTA,Cnj,Regular,waabam,waabam,3PlProx,2Pl,Prt,Neg,<<waabam>>igoosiwegiban,
VTA,Cnj,Regular,waabam,waabam,3PlProx,2Pl,Prt,Pos,<<waabam>>igooyegiban,
VTA,Cnj,Regular,waabam,waabam,3PlProx,2Sg,Prt,Neg,<<waabam>>isinowegwaaban,
VTA,Cnj,Regular,waabam,waabam,3PlProx,2Sg,Prt,Pos,<<waabam>>inegwaaban,
VTA,Cnj,Regular,waabam,waabam,3PlProx,3SgObv/3PlObv,Prt,Neg,<<waabam>>aasigwaaban,
VTA,Cnj,Regular,waabam,waabam,3PlProx,3SgObv/3PlObv,Prt,Pos,<<waabam>>aawaapan,
VTA,Cnj,Regular,waabam,waabam,3PlProx,Excl,Prt,Neg,<<waabam>>isiwangidwaaban,
VTA,Cnj,Regular,waabam,waabam,3PlProx,Excl,Prt,Pos,<<waabam>>iyangidwaaban,
VTA,Cnj,Regular,waabam,waabam,3PlProx,Incl,Prt,Neg,<<waabam>>isinowangwaaban,
VTA,Cnj,Regular,waabam,waabam,3PlProx,Incl,Prt,Pos,<<waabam>>inangwaaban,
VTA,Cnj,Regular,waabam,waabam,3SgObv/3PlObv,3PlProx,Prt,Neg,<<waabam>>igosigwaaban,
VTA,Cnj,Regular,waabam,waabam,3SgObv/3PlObv,3PlProx,Prt,Pos,<<waabam>>igowaapan,
VTA,Cnj,Regular,waabam,waabam,3SgObv/3PlObv,3SgProx,Prt,Neg,<<waabam>>igosigoban,
VTA,Cnj,Regular,waabam,waabam,3SgObv/3PlObv,3SgProx,Prt,Pos,<<waabam>>igopan,
VTA,Cnj,Regular,waabam,waabam,3SgProx,1Sg,Prt,Neg,<<waabam>>isigoban,
VTA,Cnj,Regular,waabam,waabam,3SgProx,1Sg,Prt,Pos,<<waabam>>ipan,
VTA,Cnj,Regular,waabam,waabam,3SgProx,2Pl,Prt,Neg,<<waabam>>igoosiwamban,
VTA,Cnj,Regular,waabam,waabam,3SgProx,2Pl,Prt,Pos,<<waabam>>igooyamban,
VTA,Cnj,Regular,waabam,waabam,3SgProx,2Sg,Prt,Neg,<<waabam>>isinowegiban,
VTA,Cnj,Regular,waabam,waabam,3SgProx,2Sg,Prt,Pos,<<waabam>>inegiban,
VTA,Cnj,Regular,waabam,waabam,3SgProx,3SgObv/3PlObv,Prt,Neg,<<waabam>>aasigoban,
VTA,Cnj,Regular,waabam,waabam,3SgProx,3SgObv/3PlObv,Prt,Pos,<<waabam>>aapan,
VTA,Cnj,Regular,waabam,waabam,3SgProx,Excl,Prt,Neg,<<waabam>>isiwangidiban,
VTA,Cnj,Regular,waabam,waabam,3SgProx,Excl,Prt,Pos,<<waabam>>iyangidiban,
VTA,Cnj,Regular,waabam,waabam,3SgProx,Incl,Prt,Neg,<<waabam>>isinowangiban,
VTA,Cnj,Regular,waabam,waabam,3SgProx,Incl,Prt,Pos,<<waabam>>inangiban,
VTA,Cnj,Regular,waabam,waabam,Excl,2Pl,Prt,Neg,<<waabam>>isinokwaaban,
VTA,Cnj,Regular,waabam,waabam,Excl,2Pl,Prt,Pos,<<waabam>>ikwaaban,
VTA,Cnj,Regular,waabam,waabam,Excl,2Sg,Prt,Neg,<<waabam>>isinokiban,
VTA,Cnj,Regular,waabam,waabam,Excl,2Sg,Prt,Pos,<<waabam>>ikiban,
VTA,Cnj,Regular,waabam,waabam,Excl,3PlProx,Prt,Neg,<<waabam>>aasiwangidwaaban,
VTA,Cnj,Regular,waabam,waabam,Excl,3PlProx,Prt,Pos,<<waabam>>angidwaaban,
VTA,Cnj,Regular,waabam,waabam,Excl,3SgObv/3PlObv,Prt,Neg,<<waabam>>imaasiwangidiban,
VTA,Cnj,Regular,waabam,waabam,Excl,3SgObv/3PlObv,Prt,Pos,<<waabam>>imangidiban,
VTA,Cnj,Regular,waabam,waabam,Excl,3SgProx,Prt,Neg,<<waabam>>angidiban,
VTA,Cnj,Regular,waabam,waabam,Excl,3SgProx,Prt,Pos,<<waabam>>angidiban,
VTA,Cnj,Regular,waabam,waabam,Incl,3PlProx,Prt,Neg,<<waabam>>aasiwangwaaban,
VTA,Cnj,Regular,waabam,waabam,Incl,3PlProx,Prt,Pos,<<waabam>>angwaaban,
VTA,Cnj,Regular,waabam,waabam,Incl,3SgObv/3PlObv,Prt,Neg,<<waabam>>imaasiwangiban,
VTA,Cnj,Regular,waabam,waabam,Incl,3SgObv/3PlObv,Prt,Pos,<<waabam>>imangiban,
VTA,Cnj,Regular,waabam,waabam,Incl,3SgProx,Prt,Neg,<<waabam>>aasiwangiban,
VTA,Cnj,Regular,waabam,waabam,Incl,3SgProx,Prt,Pos,<<waabam>>angiban,
VTA,Cnj,Regular,waabam,waabam,X,1Sg,Prt,Neg,<<waabam>>igoosiwaambaan,
VTA,Cnj,Regular,waabam,waabam,X,1Sg,Prt,Pos,<<waabam>>igooyaambaan,
VTA,Cnj,Regular,waabam,waabam,X,2Pl,Prt,Neg,<<waabam>>igoosiwegiban,
VTA,Cnj,Regular,waabam,waabam,X,2Pl,Prt,Pos,<<waabam>>igooyegiban,
VTA,Cnj,Regular,waabam,waabam,X,2Sg,Prt,Neg,<<waabam>>igoosiwamban,
VTA,Cnj,Regular,waabam,waabam,X,2Sg,Prt,Pos,<<waabam>>igooyamban,
VTA,Cnj,Regular,waabam,waabam,X,3PlProx,Prt,Neg,<<waabam>>aasiwindwaaban,
VTA,Cnj,Regular,waabam,waabam,X,3PlProx,Prt,Pos,<<waabam>>indwaaban,
VTA,Cnj,Regular,waabam,waabam,X,3SgObv/3PlObv,Prt,Neg,<<waabam>>imaasiwindiban,
VTA,Cnj,Regular,waabam,waabam,X,3SgObv/3PlObv,Prt,Pos,<<waabam>>imindiban,
VTA,Cnj,Regular,waabam,waabam,X,3SgProx,Prt,Neg,<<waabam>>aasiwindiban,
VTA,Cnj,Regular,waabam,waabam,X,3SgProx,Prt,Pos,<<waabam>>indiban,
VTA,Cnj,Regular,waabam,waabam,X,Excl,Prt,Neg,<<waabam>>igoosiwaangiban,
VTA,Cnj,Regular,waabam,waabam,X,Excl,Prt,Pos,<<waabam>>igooyaangiban,
VTA,Cnj,Regular,waabam,waabam,X,Incl,Prt,Neg,<<waabam>>igoosiwangiban,
VTA,Cnj,Regular,waabam,waabam,X,Incl,Prt,Pos,<<waabam>>igooyangiban,