Paradigm,Order,Class,Lemma,Stem,Subject,Object,Mode,Negation,Form1Surface,Form1Split,Form2Surface,Form2Split
VTI,Ind,aa,ayaan,ayaa,1Sg,0PlO,Dub,Neg,nidayaasiinaadogenan,ni<<ayaa>>siinaadogenan,,
VTI,Ind,aa,ayaan,ayaa,1Sg,0PlO,Dub,Pos,nidayaanaadogenan,ni<<ayaa>>naadogenan,,
VTI,Ind,aa,ayaan,ayaa,1Sg,0PlO,Neu,Neg,nidayaasiinan,ni<<ayaa>>siinan,,
VTI,Ind,aa,ayaan,ayaa,1Sg,0PlO,Neu,Pos,nidayaanan,ni<<ayaa>>nan,,
VTI,Ind,aa,ayaan,ayaa,1Sg,0PlO,Prt,Neg,nidayaasiinaabaniin,ni<<ayaa>>siinaabaniin,nidayaasiinaabanen,ni<<ayaa>>siinaabanen
VTI,Ind,aa,ayaan,ayaa,1Sg,0PlO,Prt,Neg,nidayaasiinaabaniin,ni<<ayaa>>siinaabaniin,nidayaasiinaabanen,ni<<ayaa>>siinaabanen
VTI,Ind,aa,ayaan,ayaa,1Sg,0PlO,Prt,Pos,nidayaanaabaniin,ni<<ayaa>>naabaniin,nidayaanaabanen,ni<<ayaa>>naabanen
VTI,Ind,aa,ayaan,ayaa,1Sg,0SgO,Dub,Neg,nidayaasiinaadog,ni<<ayaa>>siinaadog,,
VTI,Ind,aa,ayaan,ayaa,1Sg,0SgO,Dub,Pos,nidayaanaadog,ni<<ayaa>>naadog,,
VTI,Ind,aa,ayaan,ayaa,1Sg,0SgO,Neu,Neg,nidayaasiin,ni<<ayaa>>siin,,
VTI,Ind,aa,ayaan,ayaa,1Sg,0SgO,Neu,Pos,nidayaan,ni<<ayaa>>n,,
VTI,Ind,aa,ayaan,ayaa,1Sg,0SgO,Prt,Neg,nidayaasiinaaban,ni<<ayaa>>siinaaban,,
VTI,Ind,aa,ayaan,ayaa,1Sg,0SgO,Prt,Neg,nidayaasiinaaban,ni<<ayaa>>siinaaban,,
VTI,Ind,aa,ayaan,ayaa,1Sg,0SgO,Prt,Pos,nidayaanaaban,ni<<ayaa>>naaban,,
VTI,Ind,aa,ayaan,ayaa,1Sg,0SgO/0PlO,Dub+Prt,Neg,,,,
VTI,Ind,aa,ayaan,ayaa,1Sg,0SgO/0PlO,Dub+Prt,Pos,,,,
VTI,Ind,aa,ayaan,ayaa,2Pl,0PlO,Dub,Neg,gidayaasiinaawaadogenan,gi<<ayaa>>siinaawaadogenan,,
VTI,Ind,aa,ayaan,ayaa,2Pl,0PlO,Dub,Pos,gidayaanaawaadogenan,gi<<ayaa>>naawaadogenan,,
VTI,Ind,aa,ayaan,ayaa,2Pl,0PlO,Neu,Neg,gidayaasiinaawaan,gi<<ayaa>>siinaawaan,,
VTI,Ind,aa,ayaan,ayaa,2Pl,0PlO,Neu,Pos,gidayaanaawaan,gi<<ayaa>>naawaan,,
VTI,Ind,aa,ayaan,ayaa,2Pl,0PlO,Prt,Neg,gidayaasiinaawaabaniin,gi<<ayaa>>siinaawaabaniin,gidayaasiinaawaabanen,gi<<ayaa>>siinaawaabanen
VTI,Ind,aa,ayaan,ayaa,2Pl,0PlO,Prt,Neg,gidayaasiinaawaabaniin,gi<<ayaa>>siinaawaabaniin,gidayaasiinaawaabanen,gi<<ayaa>>siinaawaabanen
VTI,Ind,aa,ayaan,ayaa,2Pl,0PlO,Prt,Pos,gidayaanaawaabaniin,gi<<ayaa>>naawaabaniin,gidayaanaawaabanen,gi<<ayaa>>naawaabanen
VTI,Ind,aa,ayaan,ayaa,2Pl,0SgO,Dub,Neg,gidayaasiinaawaadog,gi<<ayaa>>siinaawaadog,,
VTI,Ind,aa,ayaan,ayaa,2Pl,0SgO,Dub,Pos,gidayaanaawaadog,gi<<ayaa>>naawaadog,,
VTI,Ind,aa,ayaan,ayaa,2Pl,0SgO,Neu,Neg,gidayaasiinaawaa,gi<<ayaa>>siinaawaa,,
VTI,Ind,aa,ayaan,ayaa,2Pl,0SgO,Neu,Pos,gidayaanaawaa,gi<<ayaa>>naawaa,,
VTI,Ind,aa,ayaan,ayaa,2Pl,0SgO,Prt,Neg,gidayaasiinaawaaban,gi<<ayaa>>siinaawaaban,,
VTI,Ind,aa,ayaan,ayaa,2Pl,0SgO,Prt,Neg,gidayaasiinaawaaban,gi<<ayaa>>siinaawaaban,,
VTI,Ind,aa,ayaan,ayaa,2Pl,0SgO,Prt,Pos,gidayaanaawaaban,gi<<ayaa>>naawaaban,,
VTI,Ind,aa,ayaan,ayaa,2Pl,0SgO/0PlO,Dub+Prt,Neg,,,,
VTI,Ind,aa,ayaan,ayaa,2Pl,0SgO/0PlO,Dub+Prt,Pos,,,,
VTI,Ind,aa,ayaan,ayaa,2Sg,0PlO,Dub,Neg,gidayaasiinaadogenan,gi<<ayaa>>siinaadogenan,,
VTI,Ind,aa,ayaan,ayaa,2Sg,0PlO,Dub,Pos,gidayaanaadogenan,gi<<ayaa>>naadogenan,,
VTI,Ind,aa,ayaan,ayaa,2Sg,0PlO,Neu,Neg,gidayaasiinan,gi<<ayaa>>siinan,,
VTI,Ind,aa,ayaan,ayaa,2Sg,0PlO,Neu,Pos,gidayaanan,gi<<ayaa>>nan,,
VTI,Ind,aa,ayaan,ayaa,2Sg,0PlO,Prt,Neg,gidayaasiinaabaniin,gi<<ayaa>>siinaabaniin,gidayaasiinaabanen,gi<<ayaa>>siinaabanen
VTI,Ind,aa,ayaan,ayaa,2Sg,0PlO,Prt,Neg,gidayaasiinaabaniin,gi<<ayaa>>siinaabaniin,gidayaasiinaabanen,gi<<ayaa>>siinaabanen
VTI,Ind,aa,ayaan,ayaa,2Sg,0PlO,Prt,Pos,gidayaanaabaniin,gi<<ayaa>>naabaniin,gidayaanaabanen,gi<<ayaa>>naabanen
VTI,Ind,aa,ayaan,ayaa,2Sg,0SgO,Dub,Neg,gidayaasiinaadog,gi<<ayaa>>siinaadog,,
VTI,Ind,aa,ayaan,ayaa,2Sg,0SgO,Dub,Pos,gidayaanaadog,gi<<ayaa>>naadog,,
VTI,Ind,aa,ayaan,ayaa,2Sg,0SgO,Neu,Neg,gidayaasiin,gi<<ayaa>>siin,,
VTI,Ind,aa,ayaan,ayaa,2Sg,0SgO,Neu,Pos,gidayaan,gi<<ayaa>>n,,
VTI,Ind,aa,ayaan,ayaa,2Sg,0SgO,Prt,Neg,gidayaasiinaaban,gi<<ayaa>>siinaaban,,
VTI,Ind,aa,ayaan,ayaa,2Sg,0SgO,Prt,Neg,gidayaasiinaaban,gi<<ayaa>>siinaaban,,
VTI,Ind,aa,ayaan,ayaa,2Sg,0SgO,Prt,Pos,gidayaanaaban,gi<<ayaa>>naaban,,
VTI,Ind,aa,ayaan,ayaa,2Sg,0SgO/0PlO,Dub+Prt,Neg,,,,
VTI,Ind,aa,ayaan,ayaa,2Sg,0SgO/0PlO,Dub+Prt,Pos,,,,
VTI,Ind,aa,ayaan,ayaa,3PlObv,0PlO,Dub,Neg,,,,
VTI,Ind,aa,ayaan,ayaa,3PlObv,0PlO,Dub,Pos,,,,
VTI,Ind,aa,ayaan,ayaa,3PlObv,0PlO,Neu,Neg,,,,
VTI,Ind,aa,ayaan,ayaa,3PlObv,0PlO,Neu,Pos,,,,
VTI,Ind,aa,ayaan,ayaa,3PlObv,0PlO,Prt,Neg,,,,
VTI,Ind,aa,ayaan,ayaa,3PlObv,0PlO,Prt,Neg,,,,
VTI,Ind,aa,ayaan,ayaa,3PlObv,0PlO,Prt,Pos,,,,
VTI,Ind,aa,ayaan,ayaa,3PlObv,0SgO,Dub,Neg,,,,
VTI,Ind,aa,ayaan,ayaa,3PlObv,0SgO,Dub,Pos,odayaaninaadog,o<<ayaa>>ninaadog,,
VTI,Ind,aa,ayaan,ayaa,3PlObv,0SgO,Neu,Neg,,,,
VTI,Ind,aa,ayaan,ayaa,3PlObv,0SgO,Neu,Pos,,,,
VTI,Ind,aa,ayaan,ayaa,3PlObv,0SgO,Prt,Neg,,,,
VTI,Ind,aa,ayaan,ayaa,3PlObv,0SgO,Prt,Neg,,,,
VTI,Ind,aa,ayaan,ayaa,3PlObv,0SgO,Prt,Pos,,,,
VTI,Ind,aa,ayaan,ayaa,3PlObv,0SgO/0PlO,Dub+Prt,Neg,,,,
VTI,Ind,aa,ayaan,ayaa,3PlObv,0SgO/0PlO,Dub+Prt,Pos,,,,
VTI,Ind,aa,ayaan,ayaa,3PlProx,0PlO,Dub,Neg,odayaasiinaawaadogenan,o<<ayaa>>siinaawaadogenan,,
VTI,Ind,aa,ayaan,ayaa,3PlProx,0PlO,Dub,Pos,odayaanaawaadogenan,o<<ayaa>>naawaadogenan,,
VTI,Ind,aa,ayaan,ayaa,3PlProx,0PlO,Neu,Neg,odayaasiinaawaan,o<<ayaa>>siinaawaan,,
VTI,Ind,aa,ayaan,ayaa,3PlProx,0PlO,Neu,Pos,odayaanaawaan,o<<ayaa>>naawaan,,
VTI,Ind,aa,ayaan,ayaa,3PlProx,0PlO,Prt,Neg,odayaasiinaawaabaniin,o<<ayaa>>siinaawaabaniin,odayaasiinaawaabanen,o<<ayaa>>siinaawaabanen
VTI,Ind,aa,ayaan,ayaa,3PlProx,0PlO,Prt,Neg,odayaasiinaawaabaniin,o<<ayaa>>siinaawaabaniin,odayaasiinaawaabanen,o<<ayaa>>siinaawaabanen
VTI,Ind,aa,ayaan,ayaa,3PlProx,0PlO,Prt,Pos,odayaanaawaabaniin,o<<ayaa>>naawaabaniin,odayaanaawaabanen,o<<ayaa>>naawaabanen
VTI,Ind,aa,ayaan,ayaa,3PlProx,0SgO,Dub,Neg,odayaasiinaawaadog,o<<ayaa>>siinaawaadog,,
VTI,Ind,aa,ayaan,ayaa,3PlProx,0SgO,Dub,Pos,odayaanaawaadog,o<<ayaa>>naawaadog,,
VTI,Ind,aa,ayaan,ayaa,3PlProx,0SgO,Neu,Neg,odayaasiinaawaa,o<<ayaa>>siinaawaa,,
VTI,Ind,aa,ayaan,ayaa,3PlProx,0SgO,Neu,Pos,odayaanaawaa,o<<ayaa>>naawaa,,
VTI,Ind,aa,ayaan,ayaa,3PlProx,0SgO,Prt,Neg,odayaasiinaawaaban,o<<ayaa>>siinaawaaban,,
VTI,Ind,aa,ayaan,ayaa,3PlProx,0SgO,Prt,Neg,odayaasiinaawaaban,o<<ayaa>>siinaawaaban,,
VTI,Ind,aa,ayaan,ayaa,3PlProx,0SgO,Prt,Pos,odayaanaawaaban,o<<ayaa>>naawaaban,,
VTI,Ind,aa,ayaan,ayaa,3PlProx,0SgO/0PlO,Dub+Prt,Neg,ayaanziigwaaban,<<ayaa>>nziigwaaban,,
VTI,Ind,aa,ayaan,ayaa,3PlProx,0SgO/0PlO,Dub+Prt,Pos,ayaamogwaaban,<<ayaa>>mogwaaban,,
VTI,Ind,aa,ayaan,ayaa,3SgObv,0PlO,Dub,Neg,odayaasiininaadogenan,o<<ayaa>>siininaadogenan,,
VTI,Ind,aa,ayaan,ayaa,3SgObv,0PlO,Dub,Pos,odayaaninaadogenan,o<<ayaa>>ninaadogenan,,
VTI,Ind,aa,ayaan,ayaa,3SgObv,0PlO,Neu,Neg,,,,
VTI,Ind,aa,ayaan,ayaa,3SgObv,0PlO,Neu,Pos,,,,
VTI,Ind,aa,ayaan,ayaa,3SgObv,0PlO,Prt,Neg,odayaasiininaabaniin,o<<ayaa>>siininaabaniin,odayaasiininaabanen,o<<ayaa>>siininaabanen
VTI,Ind,aa,ayaan,ayaa,3SgObv,0PlO,Prt,Neg,odayaasiininaabaniin,o<<ayaa>>siininaabaniin,odayaasiininaabanen,o<<ayaa>>siininaabanen
VTI,Ind,aa,ayaan,ayaa,3SgObv,0PlO,Prt,Pos,,,,
VTI,Ind,aa,ayaan,ayaa,3SgObv,0SgO,Dub,Neg,odayaasiininaadog,o<<ayaa>>siininaadog,,
VTI,Ind,aa,ayaan,ayaa,3SgObv,0SgO,Dub,Pos,odayaaninaadog,o<<ayaa>>ninaadog,,
VTI,Ind,aa,ayaan,ayaa,3SgObv,0SgO,Neu,Neg,,,,
VTI,Ind,aa,ayaan,ayaa,3SgObv,0SgO,Neu,Pos,,,,
VTI,Ind,aa,ayaan,ayaa,3SgObv,0SgO,Prt,Neg,odayaasiininaaban,o<<ayaa>>siininaaban,,
VTI,Ind,aa,ayaan,ayaa,3SgObv,0SgO,Prt,Neg,odayaasiininaaban,o<<ayaa>>siininaaban,,
VTI,Ind,aa,ayaan,ayaa,3SgObv,0SgO,Prt,Pos,,,,
VTI,Ind,aa,ayaan,ayaa,3SgObv,0SgO/0PlO,Dub+Prt,Neg,ayaanziinigoban,<<ayaa>>nziinigoban,,
VTI,Ind,aa,ayaan,ayaa,3SgObv,0SgO/0PlO,Dub+Prt,Pos,ayaaminigoban,<<ayaa>>minigoban,,
VTI,Ind,aa,ayaan,ayaa,3SgProx,0PlO,Dub,Neg,odayaasiinaadogenan,o<<ayaa>>siinaadogenan,,
VTI,Ind,aa,ayaan,ayaa,3SgProx,0PlO,Dub,Pos,odayaanaadogenan,o<<ayaa>>naadogenan,,
VTI,Ind,aa,ayaan,ayaa,3SgProx,0PlO,Neu,Neg,odayaasiinan,o<<ayaa>>siinan,,
VTI,Ind,aa,ayaan,ayaa,3SgProx,0PlO,Neu,Pos,odayaanan,o<<ayaa>>nan,,
VTI,Ind,aa,ayaan,ayaa,3SgProx,0PlO,Prt,Neg,odayaasiinaabaniin,o<<ayaa>>siinaabaniin,odayaasiinaabanen,o<<ayaa>>siinaabanen
VTI,Ind,aa,ayaan,ayaa,3SgProx,0PlO,Prt,Neg,odayaasiinaabaniin,o<<ayaa>>siinaabaniin,odayaasiinaabanen,o<<ayaa>>siinaabanen
VTI,Ind,aa,ayaan,ayaa,3SgProx,0PlO,Prt,Pos,odayaanaabaniin,o<<ayaa>>naabaniin,odayaanaabanen,o<<ayaa>>naabanen
VTI,Ind,aa,ayaan,ayaa,3SgProx,0SgO,Dub,Neg,odayaasiinaadog,o<<ayaa>>siinaadog,,
VTI,Ind,aa,ayaan,ayaa,3SgProx,0SgO,Dub,Pos,odayaanaadog,o<<ayaa>>naadog,,
VTI,Ind,aa,ayaan,ayaa,3SgProx,0SgO,Neu,Neg,odayaasiin,o<<ayaa>>siin,,
VTI,Ind,aa,ayaan,ayaa,3SgProx,0SgO,Neu,Pos,odayaan,o<<ayaa>>n,,
VTI,Ind,aa,ayaan,ayaa,3SgProx,0SgO,Prt,Neg,odayaasiinaaban,o<<ayaa>>siinaaban,,
VTI,Ind,aa,ayaan,ayaa,3SgProx,0SgO,Prt,Neg,odayaasiinaaban,o<<ayaa>>siinaaban,,
VTI,Ind,aa,ayaan,ayaa,3SgProx,0SgO,Prt,Pos,odayaanaaban,o<<ayaa>>naaban,,
VTI,Ind,aa,ayaan,ayaa,3SgProx,0SgO/0PlO,Dub+Prt,Neg,ayaanziigoban,<<ayaa>>nziigoban,,
VTI,Ind,aa,ayaan,ayaa,3SgProx,0SgO/0PlO,Dub+Prt,Pos,ayaamogoban,<<ayaa>>mogoban,,
VTI,Ind,aa,ayaan,ayaa,Excl,0PlO,Dub,Neg,nidayaasiiminaadogenan,ni<<ayaa>>siiminaadogenan,,
VTI,Ind,aa,ayaan,ayaa,Excl,0PlO,Dub,Pos,nidayaaminaadogenan,ni<<ayaa>>minaadogenan,,
VTI,Ind,aa,ayaan,ayaa,Excl,0PlO,Neu,Neg,nidayaasiimin,ni<<ayaa>>siimin,,
VTI,Ind,aa,ayaan,ayaa,Excl,0PlO,Neu,Pos,nidayaamin,ni<<ayaa>>min,,
VTI,Ind,aa,ayaan,ayaa,Excl,0PlO,Prt,Neg,nidayaasiiminaabaniin,ni<<ayaa>>siiminaabaniin,nidayaasiiminaabanen,ni<<ayaa>>siiminaabanen
VTI,Ind,aa,ayaan,ayaa,Excl,0PlO,Prt,Neg,nidayaasiiminaabaniin,ni<<ayaa>>siiminaabaniin,nidayaasiiminaabanen,ni<<ayaa>>siiminaabanen
VTI,Ind,aa,ayaan,ayaa,Excl,0PlO,Prt,Pos,nidayaaminaabaniin,ni<<ayaa>>minaabaniin,nidayaaminaabanen,ni<<ayaa>>minaabanen
VTI,Ind,aa,ayaan,ayaa,Excl,0SgO,Dub,Neg,nidayaasiiminaadog,ni<<ayaa>>siiminaadog,,
VTI,Ind,aa,ayaan,ayaa,Excl,0SgO,Dub,Pos,nidayaaminaadog,ni<<ayaa>>minaadog,,
VTI,Ind,aa,ayaan,ayaa,Excl,0SgO,Neu,Neg,nidayaasiimin,ni<<ayaa>>siimin,,
VTI,Ind,aa,ayaan,ayaa,Excl,0SgO,Neu,Pos,nidayaamin,ni<<ayaa>>min,,
VTI,Ind,aa,ayaan,ayaa,Excl,0SgO,Prt,Neg,nidayaasiiminaaban,ni<<ayaa>>siiminaaban,,
VTI,Ind,aa,ayaan,ayaa,Excl,0SgO,Prt,Neg,nidayaasiiminaaban,ni<<ayaa>>siiminaaban,,
VTI,Ind,aa,ayaan,ayaa,Excl,0SgO,Prt,Pos,nidayaaminaaban,ni<<ayaa>>minaaban,,
VTI,Ind,aa,ayaan,ayaa,Excl,0SgO/0PlO,Dub+Prt,Neg,,,,
VTI,Ind,aa,ayaan,ayaa,Excl,0SgO/0PlO,Dub+Prt,Pos,,,,
VTI,Ind,aa,ayaan,ayaa,Incl,0PlO,Dub,Neg,gidayaasiiminaadogenan,gi<<ayaa>>siiminaadogenan,,
VTI,Ind,aa,ayaan,ayaa,Incl,0PlO,Dub,Pos,gidayaaminaadogenan,gi<<ayaa>>minaadogenan,,
VTI,Ind,aa,ayaan,ayaa,Incl,0PlO,Neu,Neg,gidayaasiimin,gi<<ayaa>>siimin,,
VTI,Ind,aa,ayaan,ayaa,Incl,0PlO,Neu,Pos,gidayaamin,gi<<ayaa>>min,,
VTI,Ind,aa,ayaan,ayaa,Incl,0PlO,Prt,Neg,gidayaasiiminaabaniin,gi<<ayaa>>siiminaabaniin,gidayaasiiminaabanen,gi<<ayaa>>siiminaabanen
VTI,Ind,aa,ayaan,ayaa,Incl,0PlO,Prt,Neg,gidayaasiiminaabaniin,gi<<ayaa>>siiminaabaniin,gidayaasiiminaabanen,gi<<ayaa>>siiminaabanen
VTI,Ind,aa,ayaan,ayaa,Incl,0PlO,Prt,Pos,gidayaaminaabaniin,gi<<ayaa>>minaabaniin,gidayaaminaabanen,gi<<ayaa>>minaabanen
VTI,Ind,aa,ayaan,ayaa,Incl,0SgO,Dub,Neg,gidayaasiiminaadog,gi<<ayaa>>siiminaadog,,
VTI,Ind,aa,ayaan,ayaa,Incl,0SgO,Dub,Pos,gidayaaminaadog,gi<<ayaa>>minaadog,,
VTI,Ind,aa,ayaan,ayaa,Incl,0SgO,Neu,Neg,gidayaasiimin,gi<<ayaa>>siimin,,
VTI,Ind,aa,ayaan,ayaa,Incl,0SgO,Neu,Pos,gidayaamin,gi<<ayaa>>min,,
VTI,Ind,aa,ayaan,ayaa,Incl,0SgO,Prt,Neg,gidayaasiiminaaban,gi<<ayaa>>siiminaaban,,
VTI,Ind,aa,ayaan,ayaa,Incl,0SgO,Prt,Neg,gidayaasiiminaaban,gi<<ayaa>>siiminaaban,,
VTI,Ind,aa,ayaan,ayaa,Incl,0SgO,Prt,Pos,gidayaaminaaban,gi<<ayaa>>minaaban,,
VTI,Ind,aa,ayaan,ayaa,Incl,0SgO/0PlO,Dub+Prt,Neg,,,,
VTI,Ind,aa,ayaan,ayaa,Incl,0SgO/0PlO,Dub+Prt,Pos,,,,
VTI,Ind,aa,ayaan,ayaa,X,0PlO,Dub,Neg,,,,
VTI,Ind,aa,ayaan,ayaa,X,0PlO,Dub,Pos,,,,
VTI,Ind,aa,ayaan,ayaa,X,0PlO,Neu,Neg,,,,
VTI,Ind,aa,ayaan,ayaa,X,0PlO,Neu,Pos,,,,
VTI,Ind,aa,ayaan,ayaa,X,0PlO,Prt,Neg,,,,
VTI,Ind,aa,ayaan,ayaa,X,0PlO,Prt,Neg,,,,
VTI,Ind,aa,ayaan,ayaa,X,0PlO,Prt,Pos,,,,
VTI,Ind,aa,ayaan,ayaa,X,0SgO,Dub,Neg,,,,
VTI,Ind,aa,ayaan,ayaa,X,0SgO,Dub,Pos,,,,
VTI,Ind,aa,ayaan,ayaa,X,0SgO,Neu,Neg,,,,
VTI,Ind,aa,ayaan,ayaa,X,0SgO,Neu,Pos,,,,
VTI,Ind,aa,ayaan,ayaa,X,0SgO,Prt,Neg,,,,
VTI,Ind,aa,ayaan,ayaa,X,0SgO,Prt,Neg,,,,
VTI,Ind,aa,ayaan,ayaa,X,0SgO,Prt,Pos,,,,
VTI,Ind,aa,ayaan,ayaa,X,0SgO/0PlO,Dub+Prt,Neg,,,,
VTI,Ind,aa,ayaan,ayaa,X,0SgO/0PlO,Dub+Prt,Pos,,,,
VTI,Ind,i,miijin,miiji,1Sg,0PlO,Dub,Neg,nimiijisiinaadogenan,ni<<miiji>>siinaadogenan,,
VTI,Ind,i,miijin,miiji,1Sg,0PlO,Dub,Pos,nimiijinaadogenan,ni<<miiji>>naadogenan,,
VTI,Ind,i,miijin,miiji,1Sg,0PlO,Neu,Neg,nimiijisiinan,ni<<miiji>>siinan,,
VTI,Ind,i,miijin,miiji,1Sg,0PlO,Neu,Pos,nimiijinan,ni<<miiji>>nan,,
VTI,Ind,i,miijin,miiji,1Sg,0PlO,Prt,Neg,nimiijisiinaabaniin,ni<<miiji>>siinaabaniin,nimiijisiinaabanen,ni<<miiji>>siinaabanen
VTI,Ind,i,miijin,miiji,1Sg,0PlO,Prt,Pos,nimiijinaabaniin,ni<<miiji>>naabaniin,nimiijinaabanen,ni<<miiji>>naabanen
VTI,Ind,i,miijin,miiji,1Sg,0SgO,Dub,Neg,nimiijisiinaadog,ni<<miiji>>siinaadog,,
VTI,Ind,i,miijin,miiji,1Sg,0SgO,Dub,Pos,nimiijinaadog,ni<<miiji>>naadog,,
VTI,Ind,i,miijin,miiji,1Sg,0SgO,Neu,Neg,nimiijisiin,ni<<miiji>>siin,,
VTI,Ind,i,miijin,miiji,1Sg,0SgO,Neu,Pos,nimiijin,ni<<miiji>>n,,
VTI,Ind,i,miijin,miiji,1Sg,0SgO,Prt,Neg,nimiijisiinaaban,ni<<miiji>>siinaaban,,
VTI,Ind,i,miijin,miiji,1Sg,0SgO,Prt,Pos,nimiijinaaban,ni<<miiji>>naaban,,
VTI,Ind,i,miijin,miiji,1Sg,0SgO/0PlO,Dub+Prt,Neg,,,,
VTI,Ind,i,miijin,miiji,1Sg,0SgO/0PlO,Dub+Prt,Pos,,,,
VTI,Ind,i,miijin,miiji,2Pl,0PlO,Dub,Neg,gimiijisiinaawaadogenan,gi<<miiji>>siinaawaadogenan,,
VTI,Ind,i,miijin,miiji,2Pl,0PlO,Dub,Pos,gimiijinaawaadogenan,gi<<miiji>>naawaadogenan,,
VTI,Ind,i,miijin,miiji,2Pl,0PlO,Neu,Neg,gimiijisiinaawaan,gi<<miiji>>siinaawaan,,
VTI,Ind,i,miijin,miiji,2Pl,0PlO,Neu,Pos,gimiijinaawaan,gi<<miiji>>naawaan,,
VTI,Ind,i,miijin,miiji,2Pl,0PlO,Prt,Neg,gimiijisiinaawaabaniin,gi<<miiji>>siinaawaabaniin,gimiijisiinaawaabanen,gi<<miiji>>siinaawaabanen
VTI,Ind,i,miijin,miiji,2Pl,0PlO,Prt,Pos,gimiijinaawaabaniin,gi<<miiji>>naawaabaniin,gimiijinaawaabanen,gi<<miiji>>naawaabanen
VTI,Ind,i,miijin,miiji,2Pl,0SgO,Dub,Neg,gimiijisiinaawaadog,gi<<miiji>>siinaawaadog,,
VTI,Ind,i,miijin,miiji,2Pl,0SgO,Dub,Pos,gimiijinaawaadog,gi<<miiji>>naawaadog,,
VTI,Ind,i,miijin,miiji,2Pl,0SgO,Neu,Neg,gimiijisiinaawaa,gi<<miiji>>siinaawaa,,
VTI,Ind,i,miijin,miiji,2Pl,0SgO,Neu,Pos,gimiijinaawaa,gi<<miiji>>naawaa,,
VTI,Ind,i,miijin,miiji,2Pl,0SgO,Prt,Neg,gimiijisiinaawaaban,gi<<miiji>>siinaawaaban,,
VTI,Ind,i,miijin,miiji,2Pl,0SgO,Prt,Pos,gimiijinaawaaban,gi<<miiji>>naawaaban,,
VTI,Ind,i,miijin,miiji,2Pl,0SgO/0PlO,Dub+Prt,Neg,,,,
VTI,Ind,i,miijin,miiji,2Pl,0SgO/0PlO,Dub+Prt,Pos,,,,
VTI,Ind,i,miijin,miiji,2Sg,0PlO,Dub,Neg,gimiijisiinaadogenan,gi<<miiji>>siinaadogenan,,
VTI,Ind,i,miijin,miiji,2Sg,0PlO,Dub,Pos,gimiijinaadogenan,gi<<miiji>>naadogenan,,
VTI,Ind,i,miijin,miiji,2Sg,0PlO,Neu,Neg,gimiijisiinan,gi<<miiji>>siinan,,
VTI,Ind,i,miijin,miiji,2Sg,0PlO,Neu,Pos,gimiijinan,gi<<miiji>>nan,,
VTI,Ind,i,miijin,miiji,2Sg,0PlO,Prt,Neg,gimiijisiinaabaniin,gi<<miiji>>siinaabaniin,gimiijisiinaabanen,gi<<miiji>>siinaabanen
VTI,Ind,i,miijin,miiji,2Sg,0PlO,Prt,Pos,gimiijinaabaniin,gi<<miiji>>naabaniin,gimiijinaabanen,gi<<miiji>>naabanen
VTI,Ind,i,miijin,miiji,2Sg,0SgO,Dub,Neg,gimiijisiinaadog,gi<<miiji>>siinaadog,,
VTI,Ind,i,miijin,miiji,2Sg,0SgO,Dub,Pos,gimiijinaadog,gi<<miiji>>naadog,,
VTI,Ind,i,miijin,miiji,2Sg,0SgO,Neu,Neg,gimiijisiin,gi<<miiji>>siin,,
VTI,Ind,i,miijin,miiji,2Sg,0SgO,Neu,Pos,gimiijin,gi<<miiji>>n,,
VTI,Ind,i,miijin,miiji,2Sg,0SgO,Prt,Neg,gimiijisiinaaban,gi<<miiji>>siinaaban,,
VTI,Ind,i,miijin,miiji,2Sg,0SgO,Prt,Pos,gimiijinaaban,gi<<miiji>>naaban,,
VTI,Ind,i,miijin,miiji,2Sg,0SgO/0PlO,Dub+Prt,Neg,,,,
VTI,Ind,i,miijin,miiji,2Sg,0SgO/0PlO,Dub+Prt,Pos,,,,
VTI,Ind,i,miijin,miiji,3PlObv,0PlO,Dub,Neg,,,,
VTI,Ind,i,miijin,miiji,3PlObv,0PlO,Dub,Neg,,,,
VTI,Ind,i,miijin,miiji,3PlObv,0PlO,Dub,Pos,,,,
VTI,Ind,i,miijin,miiji,3PlObv,0PlO,Neu,Neg,,,,
VTI,Ind,i,miijin,miiji,3PlObv,0PlO,Neu,Pos,,,,
VTI,Ind,i,miijin,miiji,3PlObv,0PlO,Prt,Neg,,,,
VTI,Ind,i,miijin,miiji,3PlObv,0PlO,Prt,Pos,,,,
VTI,Ind,i,miijin,miiji,3PlObv,0SgO,Dub,Neg,,,,
VTI,Ind,i,miijin,miiji,3PlObv,0SgO,Dub,Pos,,,,
VTI,Ind,i,miijin,miiji,3PlObv,0SgO,Neu,Neg,,,,
VTI,Ind,i,miijin,miiji,3PlObv,0SgO,Neu,Pos,,,,
VTI,Ind,i,miijin,miiji,3PlObv,0SgO,Prt,Neg,,,,
VTI,Ind,i,miijin,miiji,3PlObv,0SgO,Prt,Pos,,,,
VTI,Ind,i,miijin,miiji,3PlObv,0SgO/0PlO,Dub+Prt,Neg,,,,
VTI,Ind,i,miijin,miiji,3PlObv,0SgO/0PlO,Dub+Prt,Pos,,,,
VTI,Ind,i,miijin,miiji,3PlProx,0PlO,Dub,Neg,omiijisiinaawaadogenan,o<<miiji>>siinaawaadogenan,,
VTI,Ind,i,miijin,miiji,3PlProx,0PlO,Dub,Pos,omiijinaawaadogenan,o<<miiji>>naawaadogenan,,
VTI,Ind,i,miijin,miiji,3PlProx,0PlO,Neu,Neg,omiijisiinaawaan,o<<miiji>>siinaawaan,,
VTI,Ind,i,miijin,miiji,3PlProx,0PlO,Neu,Pos,omiijinaawaan,o<<miiji>>naawaan,,
VTI,Ind,i,miijin,miiji,3PlProx,0PlO,Prt,Neg,omiijisiinaawaabaniin,o<<miiji>>siinaawaabaniin,omiijisiinaawaabanen,o<<miiji>>siinaawaabanen
VTI,Ind,i,miijin,miiji,3PlProx,0PlO,Prt,Pos,omiijinaawaabaniin,o<<miiji>>naawaabaniin,omiijinaawaabanen,o<<miiji>>naawaabanen
VTI,Ind,i,miijin,miiji,3PlProx,0SgO,Dub,Neg,omiijisiinaawaadog,o<<miiji>>siinaawaadog,,
VTI,Ind,i,miijin,miiji,3PlProx,0SgO,Dub,Pos,omiijinaawaadog,o<<miiji>>naawaadog,,
VTI,Ind,i,miijin,miiji,3PlProx,0SgO,Neu,Neg,omiijisiinaawaa,o<<miiji>>siinaawaa,,
VTI,Ind,i,miijin,miiji,3PlProx,0SgO,Neu,Pos,omiijinaawaa,o<<miiji>>naawaa,,
VTI,Ind,i,miijin,miiji,3PlProx,0SgO,Prt,Neg,omiijisiinaawaaban,o<<miiji>>siinaawaaban,,
VTI,Ind,i,miijin,miiji,3PlProx,0SgO,Prt,Pos,omiijinaawaaban,o<<miiji>>naawaaban,,
VTI,Ind,i,miijin,miiji,3PlProx,0SgO/0PlO,Dub+Prt,Neg,miijisiigwaaban,<<miiji>>siigwaaban,,
VTI,Ind,i,miijin,miiji,3PlProx,0SgO/0PlO,Dub+Prt,Pos,miijigwaaban,<<miiji>>gwaaban,,
VTI,Ind,i,miijin,miiji,3SgObv,0PlO,Dub,Neg,omiijisiininaadogenan,o<<miiji>>siininaadogenan,,
VTI,Ind,i,miijin,miiji,3SgObv,0PlO,Dub,Pos,omiijininaadogenan,o<<miiji>>ninaadogenan,,
VTI,Ind,i,miijin,miiji,3SgObv,0PlO,Neu,Neg,omiijisiinini,o<<miiji>>siinini,omiijisiini,o<<miiji>>siini
VTI,Ind,i,miijin,miiji,3SgObv,0PlO,Neu,Pos,omiijinini,o<<miiji>>nini,omiijini,o<<miiji>>ni
VTI,Ind,i,miijin,miiji,3SgObv,0PlO,Prt,Neg,omiijisiininaabaniin,o<<miiji>>siininaabaniin,omiijisiininaabanen,o<<miiji>>siininaabanen
VTI,Ind,i,miijin,miiji,3SgObv,0PlO,Prt,Pos,omiijininaabaniin,o<<miiji>>ninaabaniin,omiijininaabanen,o<<miiji>>ninaabanen
VTI,Ind,i,miijin,miiji,3SgObv,0SgO,Dub,Neg,omiijisiininaadog,o<<miiji>>siininaadog,,
VTI,Ind,i,miijin,miiji,3SgObv,0SgO,Dub,Pos,omiijininaadog,o<<miiji>>ninaadog,,
VTI,Ind,i,miijin,miiji,3SgObv,0SgO,Neu,Neg,omiijisiinini,o<<miiji>>siinini,omiijisiini,o<<miiji>>siini
VTI,Ind,i,miijin,miiji,3SgObv,0SgO,Neu,Pos,omiijinini,o<<miiji>>nini,omiijini,o<<miiji>>ni
VTI,Ind,i,miijin,miiji,3SgObv,0SgO,Prt,Neg,omiijisiininaaban,o<<miiji>>siininaaban,,
VTI,Ind,i,miijin,miiji,3SgObv,0SgO,Prt,Pos,omiijininaaban,o<<miiji>>ninaaban,,
VTI,Ind,i,miijin,miiji,3SgObv,0SgO/0PlO,Dub+Prt,Neg,miijisiinigoban,<<miiji>>siinigoban,,
VTI,Ind,i,miijin,miiji,3SgObv,0SgO/0PlO,Dub+Prt,Pos,miijinigoban,<<miiji>>nigoban,,
VTI,Ind,i,miijin,miiji,3SgProx,0PlO,Dub,Neg,omiijisiinaadogenan,o<<miiji>>siinaadogenan,,
VTI,Ind,i,miijin,miiji,3SgProx,0PlO,Dub,Pos,omiijinaadogenan,o<<miiji>>naadogenan,,
VTI,Ind,i,miijin,miiji,3SgProx,0PlO,Neu,Neg,omiijisiinan,o<<miiji>>siinan,,
VTI,Ind,i,miijin,miiji,3SgProx,0PlO,Neu,Pos,omiijinan,o<<miiji>>nan,,
VTI,Ind,i,miijin,miiji,3SgProx,0PlO,Prt,Neg,omiijisiinaabaniin,o<<miiji>>siinaabaniin,omiijisiinaabanen,o<<miiji>>siinaabanen
VTI,Ind,i,miijin,miiji,3SgProx,0PlO,Prt,Pos,omiijinaabaniin,o<<miiji>>naabaniin,omiijinaabanen,o<<miiji>>naabanen
VTI,Ind,i,miijin,miiji,3SgProx,0SgO,Dub,Neg,omiijisiinaadog,o<<miiji>>siinaadog,,
VTI,Ind,i,miijin,miiji,3SgProx,0SgO,Dub,Pos,omiijinaadog,o<<miiji>>naadog,,
VTI,Ind,i,miijin,miiji,3SgProx,0SgO,Neu,Neg,omiijisiin,o<<miiji>>siin,,
VTI,Ind,i,miijin,miiji,3SgProx,0SgO,Neu,Pos,omiijin,o<<miiji>>n,,
VTI,Ind,i,miijin,miiji,3SgProx,0SgO,Prt,Neg,omiijisiinaaban,o<<miiji>>siinaaban,,
VTI,Ind,i,miijin,miiji,3SgProx,0SgO,Prt,Pos,omiijinaaban,o<<miiji>>naaban,,
VTI,Ind,i,miijin,miiji,3SgProx,0SgO/0PlO,Dub+Prt,Neg,miijisiigoban,<<miiji>>siigoban,,
VTI,Ind,i,miijin,miiji,3SgProx,0SgO/0PlO,Dub+Prt,Pos,miijigoban,<<miiji>>goban,,
VTI,Ind,i,miijin,miiji,Excl,0PlO,Dub,Neg,nimiijisiiminaadogenan,ni<<miiji>>siiminaadogenan,,
VTI,Ind,i,miijin,miiji,Excl,0PlO,Dub,Pos,nimiijiminaadogenan,ni<<miiji>>minaadogenan,,
VTI,Ind,i,miijin,miiji,Excl,0PlO,Neu,Neg,nimiijisiimin,ni<<miiji>>siimin,,
VTI,Ind,i,miijin,miiji,Excl,0PlO,Neu,Pos,nimiijimin,ni<<miij>>imin,,
VTI,Ind,i,miijin,miiji,Excl,0PlO,Prt,Neg,nimiijisiiminaabaniin,ni<<miiji>>siiminaabaniin,nimiijisiiminaabanen,ni<<miiji>>siiminaabanen
VTI,Ind,i,miijin,miiji,Excl,0PlO,Prt,Pos,nimiijiminaabaniin,ni<<miiji>>minaabaniin,nimiijiminaabanen,ni<<miiji>>minaabanen
VTI,Ind,i,miijin,miiji,Excl,0SgO,Dub,Neg,nimiijisiiminaadog,ni<<miiji>>siiminaadog,,
VTI,Ind,i,miijin,miiji,Excl,0SgO,Dub,Pos,nimiijiminaadog,ni<<miiji>>minaadog,,
VTI,Ind,i,miijin,miiji,Excl,0SgO,Neu,Neg,nimiijisiimin,ni<<miiji>>siimin,,
VTI,Ind,i,miijin,miiji,Excl,0SgO,Neu,Pos,nimiijimin,ni<<miiji>>min,,
VTI,Ind,i,miijin,miiji,Excl,0SgO,Prt,Neg,nimiijisiiminaaban,ni<<miiji>>siiminaaban,,
VTI,Ind,i,miijin,miiji,Excl,0SgO,Prt,Pos,nimiijiminaaban,ni<<miiji>>minaaban,,
VTI,Ind,i,miijin,miiji,Excl,0SgO/0PlO,Dub+Prt,Neg,,,,
VTI,Ind,i,miijin,miiji,Excl,0SgO/0PlO,Dub+Prt,Pos,,,,
VTI,Ind,i,miijin,miiji,Incl,0PlO,Dub,Neg,gimiijisiiminaadogenan,gi<<miiji>>siiminaadogenan,,
VTI,Ind,i,miijin,miiji,Incl,0PlO,Dub,Pos,gimiijiminaadogenan,gi<<miiji>>minaadogenan,,
VTI,Ind,i,miijin,miiji,Incl,0PlO,Neu,Neg,gimiijisiimin,gi<<miiji>>siimin,,
VTI,Ind,i,miijin,miiji,Incl,0PlO,Neu,Pos,gimiijimin,gi<<miiji>>min,,
VTI,Ind,i,miijin,miiji,Incl,0PlO,Prt,Neg,gimiijisiiminaabaniin,gi<<miiji>>siiminaabaniin,gimiijisiiminaabanen,gi<<miiji>>siiminaabanen
VTI,Ind,i,miijin,miiji,Incl,0PlO,Prt,Pos,gimiijiminaabaniin,gi<<miiji>>minaabaniin,gimiijiminaabanen,gi<<miiji>>minaabanen
VTI,Ind,i,miijin,miiji,Incl,0SgO,Dub,Neg,gimiijisiiminaadog,gi<<miiji>>siiminaadog,,
VTI,Ind,i,miijin,miiji,Incl,0SgO,Dub,Pos,gimiijiminaadog,gi<<miiji>>minaadog,,
VTI,Ind,i,miijin,miiji,Incl,0SgO,Neu,Neg,gimiijisiimin,gi<<miiji>>siimin,,
VTI,Ind,i,miijin,miiji,Incl,0SgO,Neu,Pos,gimiijimin,gi<<miiji>>min,,
VTI,Ind,i,miijin,miiji,Incl,0SgO,Prt,Neg,gimiijisiiminaaban,gi<<miiji>>siiminaaban,,
VTI,Ind,i,miijin,miiji,Incl,0SgO,Prt,Pos,gimiijiminaaban,gi<<miiji>>minaaban,,
VTI,Ind,i,miijin,miiji,Incl,0SgO/0PlO,Dub+Prt,Neg,,,,
VTI,Ind,i,miijin,miiji,Incl,0SgO/0PlO,Dub+Prt,Pos,,,,
VTI,Ind,i,miijin,miiji,X,0PlO,Dub,Neg,,,,
VTI,Ind,i,miijin,miiji,X,0PlO,Dub,Neg,,,,
VTI,Ind,i,miijin,miiji,X,0PlO,Dub,Pos,,,,
VTI,Ind,i,miijin,miiji,X,0PlO,Neu,Neg,,,,
VTI,Ind,i,miijin,miiji,X,0PlO,Neu,Pos,,,,
VTI,Ind,i,miijin,miiji,X,0PlO,Prt,Neg,,,,
VTI,Ind,i,miijin,miiji,X,0PlO,Prt,Pos,,,,
VTI,Ind,i,miijin,miiji,X,0SgO,Dub,Neg,,,,
VTI,Ind,i,miijin,miiji,X,0SgO,Dub,Pos,,,,
VTI,Ind,i,miijin,miiji,X,0SgO,Neu,Neg,,,,
VTI,Ind,i,miijin,miiji,X,0SgO,Neu,Pos,,,,
VTI,Ind,i,miijin,miiji,X,0SgO,Prt,Neg,,,,
VTI,Ind,i,miijin,miiji,X,0SgO,Prt,Pos,,,,
VTI,Ind,i,miijin,miiji,X,0SgO/0PlO,Dub+Prt,Neg,,,,
VTI,Ind,i,miijin,miiji,X,0SgO/0PlO,Dub+Prt,Pos,,,,
VTI,Ind,am,waabandam,waaband,1Sg,0PlO,Dub,Neg,niwaabandanziinaadogenan,ni<<waaband>>anziinaadogenan,,
VTI,Ind,am,waabandam,waaband,1Sg,0PlO,Dub,Pos,niwaabandaanaadogenan,ni<<waaband>>aanaadogenan,,
VTI,Ind,am,waabandam,waaband,1Sg,0PlO,Neu,Neg,niwaabandanziinan,ni<<waaband>>anziinan,,
VTI,Ind,am,waabandam,waaband,1Sg,0PlO,Neu,Pos,niwaabandaanan,ni<<waaband>>aanan,,
VTI,Ind,am,waabandam,waaband,1Sg,0PlO,Prt,Neg,niwaabandanziinaabaniin,ni<<waaband>>anziinaabaniin,niwaabandanziinaabanen,ni<<waaband>>anziinaabanen
VTI,Ind,am,waabandam,waaband,1Sg,0PlO,Prt,Pos,niwaabandaanaabaniin,ni<<waaband>>aanaabaniin,niwaabandaanaabanen,ni<<waaband>>aanaabanen
VTI,Ind,am,waabandam,waaband,1Sg,0SgO,Dub,Neg,niwaabandanziinaadog,ni<<waaband>>anziinaadog,,
VTI,Ind,am,waabandam,waaband,1Sg,0SgO,Dub,Pos,niwaabandaanaadog,ni<<waaband>>aanaadog,,
VTI,Ind,am,waabandam,waaband,1Sg,0SgO,Neu,Neg,niwaabandanziin,ni<<waaband>>anziin,,
VTI,Ind,am,waabandam,waaband,1Sg,0SgO,Neu,Pos,niwaabandaan,ni<<waaband>>aan,,
VTI,Ind,am,waabandam,waaband,1Sg,0SgO,Prt,Neg,niwaabandanziinaaban,ni<<waaband>>anziinaaban,,
VTI,Ind,am,waabandam,waaband,1Sg,0SgO,Prt,Pos,niwaabandaanaaban,ni<<waaband>>aanaaban,,
VTI,Ind,am,waabandam,waaband,1Sg,0SgO/0PlO,Dub+Prt,Neg,,,,
VTI,Ind,am,waabandam,waaband,1Sg,0SgO/0PlO,Dub+Prt,Pos,,,,
VTI,Ind,am,waabandam,waaband,2Pl,0PlO,Dub,Neg,giwaabandanziinaawaadogenan,gi<<waaband>>anziinaawaadogenan,,
VTI,Ind,am,waabandam,waaband,2Pl,0PlO,Dub,Pos,giwaabandaanaawaadogenan,gi<<waaband>>aanaawaadogenan,,
VTI,Ind,am,waabandam,waaband,2Pl,0PlO,Neu,Neg,giwaabandanziinaawaan,gi<<waaband>>anziinaawaan,,
VTI,Ind,am,waabandam,waaband,2Pl,0PlO,Neu,Pos,giwaabandaanaawaan,gi<<waaband>>aanaawaan,,
VTI,Ind,am,waabandam,waaband,2Pl,0PlO,Prt,Neg,giwaabandanziinaawaabaniin,gi<<waaband>>anziinaawaabaniin,giwaabandanziinaawaabanen,gi<<waaband>>anziinaawaabanen
VTI,Ind,am,waabandam,waaband,2Pl,0PlO,Prt,Pos,giwaabandaanaawaabaniin,gi<<waaband>>aanaawaabaniin,giwaabandaanaawaabanen,gi<<waabandaan>>aawaabanen
VTI,Ind,am,waabandam,waaband,2Pl,0SgO,Dub,Neg,giwaabandanziinaawaadog,gi<<waaband>>anziinaawaadog,,
VTI,Ind,am,waabandam,waaband,2Pl,0SgO,Dub,Pos,giwaabandaanaawaadog,gi<<waaband>>aanaawaadog,,
VTI,Ind,am,waabandam,waaband,2Pl,0SgO,Neu,Neg,giwaabandanziinaawaa,gi<<waaband>>anziinaawaa,,
VTI,Ind,am,waabandam,waaband,2Pl,0SgO,Neu,Pos,giwaabandaanaawaa,gi<<waaband>>aanaawaa,,
VTI,Ind,am,waabandam,waaband,2Pl,0SgO,Prt,Neg,giwaabandanziinaawaaban,gi<<waaband>>anziinaawaaban,,
VTI,Ind,am,waabandam,waaband,2Pl,0SgO,Prt,Pos,giwaabandaanaawaaban,gi<<waaband>>aanaawaaban,,
VTI,Ind,am,waabandam,waaband,2Pl,0SgO/0PlO,Dub+Prt,Neg,,,,
VTI,Ind,am,waabandam,waaband,2Pl,0SgO/0PlO,Dub+Prt,Pos,,,,
VTI,Ind,am,waabandam,waaband,2Sg,0PlO,Dub,Neg,giwaabandanziinaadogenan,gi<<waaband>>anziinaadogenan,,
VTI,Ind,am,waabandam,waaband,2Sg,0PlO,Dub,Pos,giwaabandaanaadogenan,gi<<waaband>>aanaadogenan,,
VTI,Ind,am,waabandam,waaband,2Sg,0PlO,Neu,Neg,giwaabandanziinan,gi<<waaband>>anziinan,,
VTI,Ind,am,waabandam,waaband,2Sg,0PlO,Neu,Pos,giwaabandaanan,gi<<waaband>>aanan,,
VTI,Ind,am,waabandam,waaband,2Sg,0PlO,Prt,Neg,giwaabandanziinaabaniin,gi<<waaband>>anziinaabaniin,giwaabandanziinaabanen,gi<<waaband>>anziinaabanen
VTI,Ind,am,waabandam,waaband,2Sg,0PlO,Prt,Pos,giwaabandaanaabaniin,gi<<waaband>>aanaabaniin,giwaabandaanaabanen,gi<<waabandaan>>aabanen
VTI,Ind,am,waabandam,waaband,2Sg,0SgO,Dub,Neg,giwaabandanziinaadog,gi<<waaband>>anziinaadog,,
VTI,Ind,am,waabandam,waaband,2Sg,0SgO,Dub,Pos,giwaabandaanaadog,gi<<waaband>>aanaadog,,
VTI,Ind,am,waabandam,waaband,2Sg,0SgO,Neu,Neg,giwaabandanziin,gi<<waaband>>anziin,,
VTI,Ind,am,waabandam,waaband,2Sg,0SgO,Neu,Pos,giwaabandaan,gi<<waaband>>aan,,
VTI,Ind,am,waabandam,waaband,2Sg,0SgO,Prt,Neg,giwaabandanziinaaban,gi<<waaband>>anziinaaban,,
VTI,Ind,am,waabandam,waaband,2Sg,0SgO,Prt,Pos,giwaabandaanaaban,gi<<waaband>>aanaaban,,
VTI,Ind,am,waabandam,waaband,2Sg,0SgO/0PlO,Dub+Prt,Neg,,,,
VTI,Ind,am,waabandam,waaband,2Sg,0SgO/0PlO,Dub+Prt,Pos,,,,
VTI,Ind,am,waabandam,waaband,3PlObv,0PlO,Dub,Neg,,,,
VTI,Ind,am,waabandam,waaband,3PlObv,0PlO,Dub,Pos,,,,
VTI,Ind,am,waabandam,waaband,3PlObv,0PlO,Neu,Neg,,,,
VTI,Ind,am,waabandam,waaband,3PlObv,0PlO,Neu,Pos,,,,
VTI,Ind,am,waabandam,waaband,3PlObv,0PlO,Prt,Neg,,,,
VTI,Ind,am,waabandam,waaband,3PlObv,0PlO,Prt,Pos,,,,
VTI,Ind,am,waabandam,waaband,3PlObv,0SgO,Dub,Neg,,,,
VTI,Ind,am,waabandam,waaband,3PlObv,0SgO,Dub,Pos,,,,
VTI,Ind,am,waabandam,waaband,3PlObv,0SgO,Neu,Neg,,,,
VTI,Ind,am,waabandam,waaband,3PlObv,0SgO,Neu,Pos,,,,
VTI,Ind,am,waabandam,waaband,3PlObv,0SgO,Prt,Neg,,,,
VTI,Ind,am,waabandam,waaband,3PlObv,0SgO,Prt,Pos,,,,
VTI,Ind,am,waabandam,waaband,3PlObv,0SgO/0PlO,Dub+Prt,Neg,,,,
VTI,Ind,am,waabandam,waaband,3PlObv,0SgO/0PlO,Dub+Prt,Pos,,,,
VTI,Ind,am,waabandam,waaband,3PlProx,0PlO,Dub,Neg,owaabandanziinaawaadogenan,o<<waaband>>anziinaawaadogenan,,
VTI,Ind,am,waabandam,waaband,3PlProx,0PlO,Dub,Pos,owaabandaanaawaadogenan,o<<waaband>>aanaawaadogenan,,
VTI,Ind,am,waabandam,waaband,3PlProx,0PlO,Neu,Neg,owaabandanziinaawaan,o<<waaband>>anziinaawaan,,
VTI,Ind,am,waabandam,waaband,3PlProx,0PlO,Neu,Pos,owaabandaanaawaan,o<<waaband>>aanaawaan,,
VTI,Ind,am,waabandam,waaband,3PlProx,0PlO,Prt,Neg,owaabandanziinaawaabaniin,o<<waaband>>anziinaawaabaniin,owaabandanziinaawaabanen,o<<waaband>>anziinaawaabanen
VTI,Ind,am,waabandam,waaband,3PlProx,0PlO,Prt,Pos,owaabandaanaawaabaniin,o<<waaband>>aanaawaabaniin,owaabandaanaawaabanen,o<<waaband>>aanaawaabanen
VTI,Ind,am,waabandam,waaband,3PlProx,0SgO,Dub,Neg,owaabandanziinaawaadog,o<<waaband>>anziinaawaadog,,
VTI,Ind,am,waabandam,waaband,3PlProx,0SgO,Dub,Pos,owaabandaanaawaadog,o<<waaband>>aanaawaadog,,
VTI,Ind,am,waabandam,waaband,3PlProx,0SgO,Neu,Neg,owaabandanziinaawaa,o<<waaband>>anziinaawaa,,
VTI,Ind,am,waabandam,waaband,3PlProx,0SgO,Neu,Pos,owaabandaanaawaa,o<<waaband>>aanaawaa,,
VTI,Ind,am,waabandam,waaband,3PlProx,0SgO,Prt,Neg,owaabandanziinaawaaban,o<<waaband>>anziinaawaaban,,
VTI,Ind,am,waabandam,waaband,3PlProx,0SgO,Prt,Pos,owaabandaanaawaaban,o<<waaband>>aanaawaaban,,
VTI,Ind,am,waabandam,waaband,3PlProx,0SgO/0PlO,Dub+Prt,Neg,waabandanziigwaaban,<<waaband>>anziigwaaban,,
VTI,Ind,am,waabandam,waaband,3PlProx,0SgO/0PlO,Dub+Prt,Pos,waabandamogwaaban,<<waaband>>amogwaaban,,
VTI,Ind,am,waabandam,waaband,3SgObv,0PlO,Dub,Neg,owaabandanziininaadogenan,o<<waaband>>anziininaadogenan,,
VTI,Ind,am,waabandam,waaband,3SgObv,0PlO,Dub,Pos,owaabandaminaadogenan,o<<waaband>>aminaadogenan,owaabandaaninaadogenan,o<<waaband>>aaninaadogenan
VTI,Ind,am,waabandam,waaband,3SgObv,0PlO,Neu,Neg,owaabandanziinini,o<<waaband>>anziinini,owaabandanziini,o<<waaband>>anziini
VTI,Ind,am,waabandam,waaband,3SgObv,0PlO,Neu,Pos,owaabandamini,o<<waaband>>amini,owaabandaanini,o<<waaband>>aanini
VTI,Ind,am,waabandam,waaband,3SgObv,0PlO,Prt,Neg,owaabandanziininaabaniin,o<<waaband>>anziininaabaniin,owaabandanziininaabanen,o<<waaband>>anziininaabanen
VTI,Ind,am,waabandam,waaband,3SgObv,0PlO,Prt,Pos,owaabandaaninaabaniin,o<<waaband>>aaninaabaniin,owaabandaaninaabanen,o<<waaband>>aaninaabanen
VTI,Ind,am,waabandam,waaband,3SgObv,0SgO,Dub,Neg,owaabandanziininaadog,o<<waaband>>anziininaadog,,
VTI,Ind,am,waabandam,waaband,3SgObv,0SgO,Dub,Pos,owaabandaminaadog,o<<waaband>>aminaadog,owaabandaaninaadog,o<<waaband>>aaninaadog
VTI,Ind,am,waabandam,waaband,3SgObv,0SgO,Neu,Neg,owaabandanziinini,o<<waaband>>anziinini,owaabandanziini,o<<waaband>>anziini
VTI,Ind,am,waabandam,waaband,3SgObv,0SgO,Neu,Pos,owaabandamini,o<<waaband>>amini,owaabandaanini,o<<waaband>>aanini
VTI,Ind,am,waabandam,waaband,3SgObv,0SgO,Prt,Neg,owaabandanziininaaban,o<<waaband>>anziininaaban,,
VTI,Ind,am,waabandam,waaband,3SgObv,0SgO,Prt,Pos,owaabandaaninaaban,o<<waaband>>aaninaaban,,
VTI,Ind,am,waabandam,waaband,3SgObv,0SgO/0PlO,Dub+Prt,Neg,waabandanziinigoban,<<waaband>>anziinigoban,,
VTI,Ind,am,waabandam,waaband,3SgObv,0SgO/0PlO,Dub+Prt,Pos,waabandaminigoban,<<waaband>>aminigoban,,
VTI,Ind,am,waabandam,waaband,3SgProx,0PlO,Dub,Neg,owaabandanziinaadogenan,o<<waaband>>anziinaadogenan,,
VTI,Ind,am,waabandam,waaband,3SgProx,0PlO,Dub,Pos,owaabandaanaadogenan,o<<waaband>>aanaadogenan,,
VTI,Ind,am,waabandam,waaband,3SgProx,0PlO,Neu,Neg,owaabandanziinan,o<<waaband>>anziinan,,
VTI,Ind,am,waabandam,waaband,3SgProx,0PlO,Neu,Pos,owaabandaanan,o<<waaband>>aanan,,
VTI,Ind,am,waabandam,waaband,3SgProx,0PlO,Prt,Neg,owaabandanziinaabaniin,o<<waaband>>anziinaabaniin,owaabandanziinaabanen,o<<waaband>>anziinaabanen
VTI,Ind,am,waabandam,waaband,3SgProx,0PlO,Prt,Pos,owaabandaanaabaniin,o<<waaband>>aanaabaniin,owaabandaanaabanen,o<<waaband>>aanaabanen
VTI,Ind,am,waabandam,waaband,3SgProx,0SgO,Dub,Neg,owaabandanziinaadog,o<<waaband>>anziinaadog,,
VTI,Ind,am,waabandam,waaband,3SgProx,0SgO,Dub,Pos,owaabandaanaadog,o<<waaband>>aanaadog,,
VTI,Ind,am,waabandam,waaband,3SgProx,0SgO,Neu,Neg,owaabandanziin,o<<waaband>>anziin,,
VTI,Ind,am,waabandam,waaband,3SgProx,0SgO,Neu,Pos,owaabandaan,o<<waaband>>aan,,
VTI,Ind,am,waabandam,waaband,3SgProx,0SgO,Prt,Neg,owaabandanziinaaban,o<<waaband>>anziinaaban,,
VTI,Ind,am,waabandam,waaband,3SgProx,0SgO,Prt,Pos,owaabandaanaaban,o<<waaband>>aanaaban,,
VTI,Ind,am,waabandam,waaband,3SgProx,0SgO/0PlO,Dub+Prt,Neg,waabandanziigoban,<<waaband>>anziigoban,,
VTI,Ind,am,waabandam,waaband,3SgProx,0SgO/0PlO,Dub+Prt,Pos,waabandamogoban,<<waaband>>amogoban,,
VTI,Ind,am,waabandam,waaband,Excl,0PlO,Dub,Neg,niwaabandanziiminaadogenan,ni<<waaband>>anziiminaadogenan,,
VTI,Ind,am,waabandam,waaband,Excl,0PlO,Dub,Pos,niwaabandaaminaadogenan,ni<<waaband>>aaminaadogenan,,
VTI,Ind,am,waabandam,waaband,Excl,0PlO,Neu,Neg,niwaabandanziimin,ni<<waaband>>anziimin,,
VTI,Ind,am,waabandam,waaband,Excl,0PlO,Neu,Pos,niwaabandaamin,ni<<waaband>>aamin,,
VTI,Ind,am,waabandam,waaband,Excl,0PlO,Prt,Neg,niwaabandanziiminaabaniin,ni<<waaband>>anziiminaabaniin,niwaabandanziiminaabanen,ni<<waaband>>anziiminaabanen
VTI,Ind,am,waabandam,waaband,Excl,0PlO,Prt,Pos,niwaabandaaminaabaniin,ni<<waaband>>aaminaabaniin,niwaabandaaminaabanen,ni<<waaband>>aaminaabanen
VTI,Ind,am,waabandam,waaband,Excl,0SgO,Dub,Neg,niwaabandanziiminaadog,ni<<waaband>>anziiminaadog,,
VTI,Ind,am,waabandam,waaband,Excl,0SgO,Dub,Pos,niwaabandaaminaadog,ni<<waaband>>aaminaadog,,
VTI,Ind,am,waabandam,waaband,Excl,0SgO,Neu,Neg,niwaabandanziimin,ni<<waaband>>anziimin,,
VTI,Ind,am,waabandam,waaband,Excl,0SgO,Neu,Pos,niwaabandaamin,ni<<waaband>>aamin,,
VTI,Ind,am,waabandam,waaband,Excl,0SgO,Prt,Neg,niwaabandanziiminaaban,ni<<waaband>>anziiminaaban,,
VTI,Ind,am,waabandam,waaband,Excl,0SgO,Prt,Pos,niwaabandaaminaaban,ni<<waaband>>aaminaaban,,
VTI,Ind,am,waabandam,waaband,Excl,0SgO/0PlO,Dub+Prt,Neg,,,,
VTI,Ind,am,waabandam,waaband,Excl,0SgO/0PlO,Dub+Prt,Pos,,,,
VTI,Ind,am,waabandam,waaband,Incl,0PlO,Dub,Neg,giwaabandanziiminaadogenan,gi<<waaband>>anziiminaadogenan,,
VTI,Ind,am,waabandam,waaband,Incl,0PlO,Dub,Pos,giwaabandaaminaadogenan,gi<<waaband>>aaminaadogenan,,
VTI,Ind,am,waabandam,waaband,Incl,0PlO,Neu,Neg,giwaabandanziimin,gi<<waaband>>anziimin,,
VTI,Ind,am,waabandam,waaband,Incl,0PlO,Neu,Pos,giwaabandaamin,gi<<waaband>>aamin,,
VTI,Ind,am,waabandam,waaband,Incl,0PlO,Prt,Neg,giwaabandanziiminaabaniin,gi<<waaband>>anziiminaabaniin,giwaabandanziiminaabanen,gi<<waaband>>anziiminaabanen
VTI,Ind,am,waabandam,waaband,Incl,0PlO,Prt,Pos,giwaabandaaminaabaniin,gi<<waaband>>aaminaabaniin,giwaabandaaminaabanen,gi<<waaband>>aaminaabanen
VTI,Ind,am,waabandam,waaband,Incl,0SgO,Dub,Neg,giwaabandanziiminaadog,gi<<waaband>>anziiminaadog,,
VTI,Ind,am,waabandam,waaband,Incl,0SgO,Dub,Pos,giwaabandaaminaadog,gi<<waaband>>aaminaadog,,
VTI,Ind,am,waabandam,waaband,Incl,0SgO,Neu,Neg,giwaabandanziimin,gi<<waaband>>anziimin,,
VTI,Ind,am,waabandam,waaband,Incl,0SgO,Neu,Pos,giwaabandaamin,gi<<waaband>>aamin,,
VTI,Ind,am,waabandam,waaband,Incl,0SgO,Prt,Neg,giwaabandanziiminaaban,gi<<waaband>>anziiminaaban,,
VTI,Ind,am,waabandam,waaband,Incl,0SgO,Prt,Pos,giwaabandaaminaaban,gi<<waaband>>aaminaaban,,
VTI,Ind,am,waabandam,waaband,Incl,0SgO/0PlO,Dub+Prt,Neg,,,,
VTI,Ind,am,waabandam,waaband,Incl,0SgO/0PlO,Dub+Prt,Pos,,,,
VTI,Ind,am,waabandam,waaband,X,0PlO,Dub,Neg,,,,
VTI,Ind,am,waabandam,waaband,X,0PlO,Dub,Pos,,,,
VTI,Ind,am,waabandam,waaband,X,0PlO,Neu,Neg,,,,
VTI,Ind,am,waabandam,waaband,X,0PlO,Neu,Pos,,,,
VTI,Ind,am,waabandam,waaband,X,0PlO,Prt,Neg,,,,
VTI,Ind,am,waabandam,waaband,X,0PlO,Prt,Pos,,,,
VTI,Ind,am,waabandam,waaband,X,0SgO,Dub,Neg,,,,
VTI,Ind,am,waabandam,waaband,X,0SgO,Dub,Pos,,,,
VTI,Ind,am,waabandam,waaband,X,0SgO,Neu,Neg,,,,
VTI,Ind,am,waabandam,waaband,X,0SgO,Neu,Pos,,,,
VTI,Ind,am,waabandam,waaband,X,0SgO,Prt,Neg,,,,
VTI,Ind,am,waabandam,waaband,X,0SgO,Prt,Pos,,,,
VTI,Ind,am,waabandam,waaband,X,0SgO/0PlO,Dub+Prt,Neg,,,,
VTI,Ind,am,waabandam,waaband,X,0SgO/0PlO,Dub+Prt,Pos,,,,
VTI,Ind,oo,wanitoon,wanit,1Sg,0PlO,Dub,Neg,niwanitoosiinaadogenan,ni<<wanit>>oosiinaadogenan,,
VTI,Ind,oo,wanitoon,wanit,1Sg,0PlO,Dub,Pos,niwanitoonaadogenan,ni<<wanit>>oonaadogenan,,
VTI,Ind,oo,wanitoon,wanit,1Sg,0PlO,Neu,Neg,niwanitoosiinan,ni<<wanit>>oosiinan,,
VTI,Ind,oo,wanitoon,wanit,1Sg,0PlO,Neu,Pos,niwanitoonan,ni<<wanit>>oonan,,
VTI,Ind,oo,wanitoon,wanit,1Sg,0PlO,Prt,Neg,niwanitoosiinaabaniin,ni<<wanit>>oosiinaabaniin,niwanitoosiinaabanen,ni<<wanit>>oosiinaabanen
VTI,Ind,oo,wanitoon,wanit,1Sg,0PlO,Prt,Pos,niwanitoonaabaniin,ni<<wanit>>oonaabaniin,niwanitoonaabanen,ni<<wanit>>oonaabanen
VTI,Ind,oo,wanitoon,wanit,1Sg,0SgO,Dub,Neg,niwanitoosiinaadog,ni<<wanit>>oosiinaadog,,
VTI,Ind,oo,wanitoon,wanit,1Sg,0SgO,Dub,Pos,niwanitoonaadog,ni<<wanit>>oonaadog,,
VTI,Ind,oo,wanitoon,wanit,1Sg,0SgO,Neu,Neg,niwanitoosiinan,ni<<wanit>>oosiinan,,
VTI,Ind,oo,wanitoon,wanit,1Sg,0SgO,Neu,Pos,niwanitoon,ni<<wanitoon,,
VTI,Ind,oo,wanitoon,wanit,1Sg,0SgO,Prt,Neg,niwanitoosiinaaban,ni<<wanit>>oosiinaaban,,
VTI,Ind,oo,wanitoon,wanit,1Sg,0SgO,Prt,Pos,niwanitoonaaban,ni<<wanit>>oonaaban,,
VTI,Ind,oo,wanitoon,wanit,1Sg,0SgO/0PlO,Dub+Prt,Neg,,,,
VTI,Ind,oo,wanitoon,wanit,1Sg,0SgO/0PlO,Dub+Prt,Pos,,,,
VTI,Ind,oo,wanitoon,wanit,2Pl,0PlO,Dub,Neg,giwanitoosiinaawaadogenan,gi<<wanit>>oosiinaawaadogenan,,
VTI,Ind,oo,wanitoon,wanit,2Pl,0PlO,Dub,Pos,giwanitoonaawaadogenan,gi<<wanit>>oonaawaadogenan,,
VTI,Ind,oo,wanitoon,wanit,2Pl,0PlO,Neu,Neg,giwanitoosiinaawaan,gi<<wanit>>oosiinaawaan,,
VTI,Ind,oo,wanitoon,wanit,2Pl,0PlO,Neu,Pos,giwanitoonaawaan,gi<<wanit>>oonaawaan,,
VTI,Ind,oo,wanitoon,wanit,2Pl,0PlO,Prt,Neg,giwanitoosiinaawaabaniin,gi<<wanit>>oosiinaawaabaniin,giwanitoosiinaawaabanen,gi<<wanit>>oosiinaawaabanen
VTI,Ind,oo,wanitoon,wanit,2Pl,0PlO,Prt,Pos,giwanitoonaawaabaniin,gi<<wanit>>oonaawaabaniin,giwanitoonaawaabanen,gi<<wanit>>oonaawaabanen
VTI,Ind,oo,wanitoon,wanit,2Pl,0SgO,Dub,Neg,giwanitoosiinaawaadog,gi<<wanit>>oosiinaawaadog,,
VTI,Ind,oo,wanitoon,wanit,2Pl,0SgO,Dub,Pos,giwanitoonaawaadog,gi<<wanit>>oonaawaadog,,
VTI,Ind,oo,wanitoon,wanit,2Pl,0SgO,Neu,Neg,giwanitoosiinaawaan,gi<<wanit>>oosiinaawaan,,
VTI,Ind,oo,wanitoon,wanit,2Pl,0SgO,Neu,Pos,giwanitoonaawaa,gi<<wanit>>oonaawaa,,
VTI,Ind,oo,wanitoon,wanit,2Pl,0SgO,Prt,Neg,giwanitoosiinaawaaban,gi<<wanit>>oosiinaawaaban,,
VTI,Ind,oo,wanitoon,wanit,2Pl,0SgO,Prt,Pos,giwanitoonaawaaban,gi<<wanit>>oonaawaaban,,
VTI,Ind,oo,wanitoon,wanit,2Pl,0SgO/0PlO,Dub+Prt,Neg,,,,
VTI,Ind,oo,wanitoon,wanit,2Pl,0SgO/0PlO,Dub+Prt,Pos,,,,
VTI,Ind,oo,wanitoon,wanit,2Sg,0PlO,Dub,Neg,giwanitoosiinaadogenan,gi<<wanit>>oosiinaadogenan,,
VTI,Ind,oo,wanitoon,wanit,2Sg,0PlO,Dub,Pos,giwanitoonaadogenan,gi<<wanit>>oonaadogenan,,
VTI,Ind,oo,wanitoon,wanit,2Sg,0PlO,Neu,Neg,giwanitoosiinan,gi<<wanit>>oosiinan,,
VTI,Ind,oo,wanitoon,wanit,2Sg,0PlO,Neu,Pos,giwanitoonan,gi<<wanit>>oonan,,
VTI,Ind,oo,wanitoon,wanit,2Sg,0PlO,Prt,Neg,giwanitoosiinaabaniin,gi<<wanit>>oosiinaabaniin,giwanitoosiinaabanen,gi<<wanit>>oosiinaabanen
VTI,Ind,oo,wanitoon,wanit,2Sg,0PlO,Prt,Pos,giwanitoonaabaniin,gi<<wanit>>oonaabaniin,giwanitoonaabanen,gi<<wanit>>oonaabanen
VTI,Ind,oo,wanitoon,wanit,2Sg,0SgO,Dub,Neg,giwanitoosiinaadog,gi<<wanit>>oosiinaadog,,
VTI,Ind,oo,wanitoon,wanit,2Sg,0SgO,Dub,Pos,giwanitoonaadog,gi<<wanit>>oonaadog,,
VTI,Ind,oo,wanitoon,wanit,2Sg,0SgO,Neu,Neg,giwanitoosiinan,gi<<wanit>>oosiinan,,
VTI,Ind,oo,wanitoon,wanit,2Sg,0SgO,Neu,Pos,giwanitoon,gi<<wanitoon,,
VTI,Ind,oo,wanitoon,wanit,2Sg,0SgO,Prt,Neg,giwanitoosiinaaban,gi<<wanit>>oosiinaaban,,
VTI,Ind,oo,wanitoon,wanit,2Sg,0SgO,Prt,Pos,giwanitoonaaban,gi<<wanit>>oonaaban,,
VTI,Ind,oo,wanitoon,wanit,2Sg,0SgO/0PlO,Dub+Prt,Neg,,,,
VTI,Ind,oo,wanitoon,wanit,2Sg,0SgO/0PlO,Dub+Prt,Pos,,,,
VTI,Ind,oo,wanitoon,wanit,3PlObv,0PlO,Dub,Pos,,,,
VTI,Ind,oo,wanitoon,wanit,3PlObv,0PlO,Neu,Neg,,,,
VTI,Ind,oo,wanitoon,wanit,3PlObv,0PlO,Neu,Pos,,,,
VTI,Ind,oo,wanitoon,wanit,3PlObv,0PlO,Prt,Neg,,,,
VTI,Ind,oo,wanitoon,wanit,3PlObv,0PlO,Prt,Pos,,,,
VTI,Ind,oo,wanitoon,wanit,3PlObv,0SgO,Dub,Neg,,,,
VTI,Ind,oo,wanitoon,wanit,3PlObv,0SgO,Dub,Pos,,,,
VTI,Ind,oo,wanitoon,wanit,3PlObv,0SgO,Neu,Neg,,,,
VTI,Ind,oo,wanitoon,wanit,3PlObv,0SgO,Neu,Pos,,,,
VTI,Ind,oo,wanitoon,wanit,3PlObv,0SgO,Prt,Neg,,,,
VTI,Ind,oo,wanitoon,wanit,3PlObv,0SgO,Prt,Pos,,,,
VTI,Ind,oo,wanitoon,wanit,3PlObv,0SgO/0PlO,Dub+Prt,Neg,,,,
VTI,Ind,oo,wanitoon,wanit,3PlObv,0SgO/0PlO,Dub+Prt,Pos,,,,
VTI,Ind,oo,wanitoon,wanit,3PlProx,0PlO,Dub,Neg,owanitoosiinaawaadogenan,o<<wanit>>oosiinaawaadogenan,,
VTI,Ind,oo,wanitoon,wanit,3PlProx,0PlO,Dub,Pos,owanitoonaawaadogenan,o<<wanit>>oonaawaadogenan,,
VTI,Ind,oo,wanitoon,wanit,3PlProx,0PlO,Neu,Neg,owanitoosiinaawaan,o<<wanit>>oosiinaawaan,,
VTI,Ind,oo,wanitoon,wanit,3PlProx,0PlO,Neu,Pos,owanitoonaawaan,o<<wanit>>oonaawaan,,
VTI,Ind,oo,wanitoon,wanit,3PlProx,0PlO,Prt,Neg,owanitoosiinaawaabaniin,o<<wanit>>oosiinaawaabaniin,owanitoosiinaawaabanen,o<<wanit>>oosiinaawaabanen
VTI,Ind,oo,wanitoon,wanit,3PlProx,0PlO,Prt,Pos,owanitoonaawaabaniin,o<<wanit>>oonaawaabaniin,owanitoonaawaabanen,o<<wanit>>oonaawaabanen
VTI,Ind,oo,wanitoon,wanit,3PlProx,0SgO,Dub,Neg,owanitoosiinaawaadog,o<<wanit>>oosiinaawaadog,,
VTI,Ind,oo,wanitoon,wanit,3PlProx,0SgO,Dub,Pos,owanitoonaawaadog,o<<wanit>>oonaawaadog,,
VTI,Ind,oo,wanitoon,wanit,3PlProx,0SgO,Neu,Neg,owanitoosiinaawaan,o<<wanit>>oosiinaawaan,,
VTI,Ind,oo,wanitoon,wanit,3PlProx,0SgO,Neu,Pos,owanitoonaawaa,o<<wanit>>oonaawaa,,
VTI,Ind,oo,wanitoon,wanit,3PlProx,0SgO,Prt,Neg,owanitoosiinaawaaban,o<<wanit>>oosiinaawaaban,,
VTI,Ind,oo,wanitoon,wanit,3PlProx,0SgO,Prt,Pos,owanitoonaawaaban,o<<wanit>>oonaawaaban,,
VTI,Ind,oo,wanitoon,wanit,3PlProx,0SgO/0PlO,Dub+Prt,Neg,wanitoosiigwaaban,<<wanit>>oosiigwaaban,,
VTI,Ind,oo,wanitoon,wanit,3PlProx,0SgO/0PlO,Dub+Prt,Pos,wanitoogwaaban,<<wanit>>oogwaaban,,
VTI,Ind,oo,wanitoon,wanit,3SgObv,0PlO,Dub,Neg,owanitoosiininaadogenan,o<<wanit>>oosiininaadogenan,,
VTI,Ind,oo,wanitoon,wanit,3SgObv,0PlO,Dub,Pos,,,,
VTI,Ind,oo,wanitoon,wanit,3SgObv,0PlO,Neu,Neg,owanitoosiinini,o<<wanit>>oosiinini,owanitoosiini,o<<wanit>>oosiini
VTI,Ind,oo,wanitoon,wanit,3SgObv,0PlO,Neu,Pos,owanitoonini,o<<wanit>>oonini,owanitooni,o<<wanit>>ooni
VTI,Ind,oo,wanitoon,wanit,3SgObv,0PlO,Prt,Neg,owanitoosiinininaabaniin,o<<wanit>>oosiinininaabaniin,owanitoosiinininaabanen,o<<wanit>>oosiinininaabanen
VTI,Ind,oo,wanitoon,wanit,3SgObv,0PlO,Prt,Pos,owanitooninaabaniin,o<<wanit>>ooninaabaniin,owanitooninaabanen,o<<wanit>>ooninaabanen
VTI,Ind,oo,wanitoon,wanit,3SgObv,0SgO,Dub,Neg,owanitoosiininaadog,o<<wanit>>oosiininaadog,,
VTI,Ind,oo,wanitoon,wanit,3SgObv,0SgO,Dub,Pos,owanitooninaadog,o<<wanit>>ooninaadog,,
VTI,Ind,oo,wanitoon,wanit,3SgObv,0SgO,Neu,Neg,owanitoosiinini,o<<wanit>>oosiinini,owanitoosiini,o<<wanit>>oosiini
VTI,Ind,oo,wanitoon,wanit,3SgObv,0SgO,Neu,Pos,owanitoonini,o<<wanit>>oonini,owanitooni,o<<wanit>>ooni
VTI,Ind,oo,wanitoon,wanit,3SgObv,0SgO,Prt,Neg,owanitoosiininaaban,o<<wanit>>oosiininaaban,,
VTI,Ind,oo,wanitoon,wanit,3SgObv,0SgO,Prt,Pos,owanitooninaaban,o<<wanit>>ooninaaban,,
VTI,Ind,oo,wanitoon,wanit,3SgObv,0SgO/0PlO,Dub+Prt,Neg,wanitoosiinigoban,<<wanit>>oosiinigoban,,
VTI,Ind,oo,wanitoon,wanit,3SgObv,0SgO/0PlO,Dub+Prt,Pos,wanitoonigoban,<<wanit>>oonigoban,,
VTI,Ind,oo,wanitoon,wanit,3SgProx,0PlO,Dub,Neg,owanitoosiinaadogenan,o<<wanit>>oosiinaadogenan,,
VTI,Ind,oo,wanitoon,wanit,3SgProx,0PlO,Dub,Pos,owanitoonaadogenan,o<<wanit>>oonaadogenan,,
VTI,Ind,oo,wanitoon,wanit,3SgProx,0PlO,Neu,Neg,owanitoosiinan,o<<wanit>>oosiinan,,
VTI,Ind,oo,wanitoon,wanit,3SgProx,0PlO,Neu,Pos,owanitoonan,o<<wanit>>oonan,,
VTI,Ind,oo,wanitoon,wanit,3SgProx,0PlO,Prt,Neg,owanitoosiinaabaniin,o<<wanit>>oosiinaabaniin,owanitoosiinaabanen,o<<wanit>>oosiinaabanen
VTI,Ind,oo,wanitoon,wanit,3SgProx,0PlO,Prt,Pos,owanitoonaabaniin,o<<wanit>>oonaabaniin,owanitoonaabanen,o<<wanit>>oonaabanen
VTI,Ind,oo,wanitoon,wanit,3SgProx,0SgO,Dub,Neg,owanitoosiinaadog,o<<wanit>>oosiinaadog,,
VTI,Ind,oo,wanitoon,wanit,3SgProx,0SgO,Dub,Pos,owanitoonaadog,o<<wanit>>oonaadog,,
VTI,Ind,oo,wanitoon,wanit,3SgProx,0SgO,Neu,Neg,owanitoosiinan,o<<wanit>>oosiinan,,
VTI,Ind,oo,wanitoon,wanit,3SgProx,0SgO,Neu,Pos,owanitoon,o<<wanitoon,,
VTI,Ind,oo,wanitoon,wanit,3SgProx,0SgO,Prt,Neg,owanitoosiinaaban,o<<wanit>>oosiinaaban,,
VTI,Ind,oo,wanitoon,wanit,3SgProx,0SgO,Prt,Pos,owanitoonaaban,o<<wanit>>oonaaban,,
VTI,Ind,oo,wanitoon,wanit,3SgProx,0SgO/0PlO,Dub+Prt,Neg,wanitoosiigoban,<<wanit>>oosiigoban,,
VTI,Ind,oo,wanitoon,wanit,3SgProx,0SgO/0PlO,Dub+Prt,Pos,wanitoogoban,<<wanit>>oogoban,,
VTI,Ind,oo,wanitoon,wanit,Excl,0PlO,Dub,Neg,niwanitoosiiminaadogenan,ni<<wanit>>oosiiminaadogenan,,
VTI,Ind,oo,wanitoon,wanit,Excl,0PlO,Dub,Pos,niwanitoominaadogenan,ni<<wanit>>oominaadogenan,,
VTI,Ind,oo,wanitoon,wanit,Excl,0PlO,Neu,Neg,niwanitoosiimin,ni<<wanit>>oosiimin,,
VTI,Ind,oo,wanitoon,wanit,Excl,0PlO,Neu,Pos,niwanitoomin,ni<<wanit>>oomin,,
VTI,Ind,oo,wanitoon,wanit,Excl,0PlO,Prt,Neg,niwanitoosiiminaabaniin,ni<<wanit>>oosiiminaabaniin,niwanitoosiiminaabanen,ni<<wanit>>oosiiminaabanen
VTI,Ind,oo,wanitoon,wanit,Excl,0PlO,Prt,Pos,niwanitoominaabaniin,ni<<wanit>>oominaabaniin,niwanitoominaabanen,ni<<wanit>>oominaabanen
VTI,Ind,oo,wanitoon,wanit,Excl,0SgO,Dub,Neg,niwanitoosiiminaadog,ni<<wanit>>oosiiminaadog,,
VTI,Ind,oo,wanitoon,wanit,Excl,0SgO,Dub,Pos,niwanitoominaadog,ni<<wanit>>oominaadog,,
VTI,Ind,oo,wanitoon,wanit,Excl,0SgO,Neu,Neg,niwanitoosiimin,ni<<wanit>>oosiimin,,
VTI,Ind,oo,wanitoon,wanit,Excl,0SgO,Neu,Pos,niwanitoomin,ni<<wanit>>oomin,,
VTI,Ind,oo,wanitoon,wanit,Excl,0SgO,Prt,Neg,niwanitoosiiminaaban,ni<<wanit>>oosiiminaaban,,
VTI,Ind,oo,wanitoon,wanit,Excl,0SgO,Prt,Pos,niwanitoominaaban,ni<<wanit>>oominaaban,,
VTI,Ind,oo,wanitoon,wanit,Excl,0SgO/0PlO,Dub+Prt,Neg,,,,
VTI,Ind,oo,wanitoon,wanit,Excl,0SgO/0PlO,Dub+Prt,Pos,,,,
VTI,Ind,oo,wanitoon,wanit,Incl,0PlO,Dub,Neg,giwanitoosiiminaadogenan,gi<<wanit>>oosiiminaadogenan,,
VTI,Ind,oo,wanitoon,wanit,Incl,0PlO,Dub,Pos,giwanitoominaadogenan,gi<<wanit>>oominaadogenan,,
VTI,Ind,oo,wanitoon,wanit,Incl,0PlO,Neu,Neg,giwanitoosiimin,gi<<wanit>>oosiimin,,
VTI,Ind,oo,wanitoon,wanit,Incl,0PlO,Neu,Pos,giwanitoomin,gi<<wanit>>oomin,,
VTI,Ind,oo,wanitoon,wanit,Incl,0PlO,Prt,Neg,giwanitoosiiminaabaniin,gi<<wanit>>oosiiminaabaniin,giwanitoosiiminaabanen,gi<<wanit>>oosiiminaabanen
VTI,Ind,oo,wanitoon,wanit,Incl,0PlO,Prt,Pos,giwanitoominaabaniin,gi<<wanit>>oominaabaniin,giwanitoominaabanen,gi<<wanit>>oominaabanen
VTI,Ind,oo,wanitoon,wanit,Incl,0SgO,Dub,Neg,giwanitoosiiminaadog,gi<<wanit>>oosiiminaadog,,
VTI,Ind,oo,wanitoon,wanit,Incl,0SgO,Dub,Pos,giwanitoominaadog,gi<<wanit>>oominaadog,,
VTI,Ind,oo,wanitoon,wanit,Incl,0SgO,Neu,Neg,giwanitoosiimin,gi<<wanit>>oosiimin,,
VTI,Ind,oo,wanitoon,wanit,Incl,0SgO,Neu,Pos,giwanitoomin,gi<<wanit>>oomin,,
VTI,Ind,oo,wanitoon,wanit,Incl,0SgO,Prt,Neg,giwanitoosiiminaaban,gi<<wanit>>oosiiminaaban,,
VTI,Ind,oo,wanitoon,wanit,Incl,0SgO,Prt,Pos,giwanitoominaaban,gi<<wanit>>oominaaban,,
VTI,Ind,oo,wanitoon,wanit,Incl,0SgO/0PlO,Dub+Prt,Neg,,,,
VTI,Ind,oo,wanitoon,wanit,Incl,0SgO/0PlO,Dub+Prt,Pos,,,,
VTI,Ind,oo,wanitoon,wanit,X,0PlO,Dub,Pos,,,,
VTI,Ind,oo,wanitoon,wanit,X,0PlO,Neu,Neg,,,,
VTI,Ind,oo,wanitoon,wanit,X,0PlO,Neu,Pos,,,,
VTI,Ind,oo,wanitoon,wanit,X,0PlO,Prt,Neg,,,,
VTI,Ind,oo,wanitoon,wanit,X,0PlO,Prt,Pos,,,,
VTI,Ind,oo,wanitoon,wanit,X,0SgO,Dub,Neg,,,,
VTI,Ind,oo,wanitoon,wanit,X,0SgO,Dub,Pos,,,,
VTI,Ind,oo,wanitoon,wanit,X,0SgO,Neu,Neg,,,,
VTI,Ind,oo,wanitoon,wanit,X,0SgO,Neu,Pos,,,,
VTI,Ind,oo,wanitoon,wanit,X,0SgO,Prt,Neg,,,,
VTI,Ind,oo,wanitoon,wanit,X,0SgO,Prt,Pos,,,,
VTI,Ind,oo,wanitoon,wanit,X,0SgO/0PlO,Dub+Prt,Neg,,,,
VTI,Ind,oo,wanitoon,wanit,X,0SgO/0PlO,Dub+Prt,Pos,,,,